ID,Day,Hours,Min,Count Lane 1,Count Lane 2,Count Lane 3,Count Lane 4
1,1,1,1,5,7,8,9
2,1,1,2,11,15,20,10
3,1,1,3,18,20,19,12
4,1,1,4,16,16,18,16
5,1,1,5,24,27,27,21
6,1,1,6,22,26,24,22
7,1,1,7,30,27,34,25
8,1,1,8,31,29,35,32
9,1,1,9,39,37,32,33
10,1,1,10,41,35,42,40
11,1,1,11,45,40,42,45
12,1,1,12,50,48,43,36
13,1,2,1,42,45,44,37
14,1,2,2,45,45,55,54
15,1,2,3,51,54,52,53
16,1,2,4,49,44,43,54
17,1,2,5,49,47,54,43
18,1,2,6,41,51,39,35
19,1,2,7,43,38,47,46
20,1,2,8,54,42,43,41
21,1,2,9,40,35,41,55
22,1,2,10,50,40,38,42
23,1,2,11,45,47,48,40
24,1,2,12,49,53,38,42
25,1,3,1,47,46,36,37
26,1,3,2,48,32,43,53
27,1,3,3,35,32,53,40
28,1,3,4,39,45,33,45
29,1,3,5,43,33,52,54
30,1,3,6,46,35,44,41
31,1,3,7,31,38,35,44
32,1,3,8,37,37,55,50
33,1,3,9,40,45,33,41
34,1,3,10,39,43,36,34
35,1,3,11,36,36,41,55
36,1,3,12,42,34,45,34
37,1,4,1,35,44,37,36
38,1,4,2,38,41,39,43
39,1,4,3,42,41,39,41
40,1,4,4,43,41,45,37
41,1,4,5,40,43,45,44
42,1,4,6,37,42,42,44
43,1,4,7,36,45,35,41
44,1,4,8,45,36,36,37
45,1,4,9,35,41,43,37
46,1,4,10,44,44,45,38
47,1,4,11,35,43,40,41
48,1,4,12,43,41,41,39
49,1,5,1,35,35,34,39
50,1,5,2,30,40,32,37
51,1,5,3,29,31,33,39
52,1,5,4,30,33,34,28
53,1,5,5,35,32,40,38
54,1,5,6,27,27,30,31
55,1,5,7,27,29,33,39
56,1,5,8,33,36,27,37
57,1,5,9,33,29,34,39
58,1,5,10,32,29,38,36
59,1,5,11,27,27,34,34
60,1,5,12,37,34,38,29
61,1,6,1,28,30,28,29
62,1,6,2,28,25,28,29
63,1,6,3,29,29,26,26
64,1,6,4,28,35,20,20
65,1,6,5,33,28,24,35
66,1,6,6,36,26,21,20
67,1,6,7,31,39,27,22
68,1,6,8,29,28,22,34
69,1,6,9,23,22,29,34
70,1,6,10,27,25,26,32
71,1,6,11,35,21,31,34
72,1,6,12,25,33,28,33
73,1,7,1,28,24,26,27
74,1,7,2,30,23,29,22
75,1,7,3,31,31,31,28
76,1,7,4,31,25,33,24
77,1,7,5,30,21,38,27
78,1,7,6,36,38,36,30
79,1,7,7,36,40,35,33
80,1,7,8,41,43,50,50
81,1,7,9,33,38,32,39
82,1,7,10,42,47,50,46
83,1,7,11,50,45,44,47
84,1,7,12,44,48,48,50
85,1,8,1,49,40,49,40
86,1,8,2,49,44,38,44
87,1,8,3,35,35,47,39
88,1,8,4,40,50,47,50
89,1,8,5,39,40,35,43
90,1,8,6,39,39,45,36
91,1,8,7,45,38,38,38
92,1,8,8,50,60,49,45
93,1,8,9,53,47,60,53
94,1,8,10,57,46,45,54
95,1,8,11,55,45,48,55
96,1,8,12,58,56,59,51
97,1,9,1,40,48,49,44
98,1,9,2,47,47,55,53
99,1,9,3,54,52,49,51
100,1,9,4,47,45,46,49
101,1,9,5,50,47,59,53
102,1,9,6,60,53,55,49
103,1,9,7,58,54,56,51
104,1,9,8,53,50,58,60
105,1,9,9,59,57,59,62
106,1,9,10,64,60,62,57
107,1,9,11,64,65,60,62
108,1,9,12,61,61,61,63
109,1,10,1,55,59,56,59
110,1,10,2,54,50,60,60
111,1,10,3,55,61,62,61
112,1,10,4,69,65,64,64
113,1,10,5,66,56,60,59
114,1,10,6,55,64,65,70
115,1,10,7,69,65,64,60
116,1,10,8,55,57,61,68
117,1,10,9,59,68,64,69
118,1,10,10,70,64,59,69
119,1,10,11,61,69,65,56
120,1,10,12,59,62,64,66
121,1,11,1,68,67,66,62
122,1,11,2,67,70,63,60
123,1,11,3,75,71,66,73
124,1,11,4,67,71,73,60
125,1,11,5,68,75,62,70
126,1,11,6,75,75,66,75
127,1,11,7,72,71,80,74
128,1,11,8,76,71,77,70
129,1,11,9,76,77,89,76
130,1,11,10,78,76,79,79
131,1,11,11,77,75,80,78
132,1,11,12,77,82,86,81
133,1,12,1,75,83,87,75
134,1,12,2,90,86,81,80
135,1,12,3,86,75,78,75
136,1,12,4,89,84,86,75
137,1,12,5,84,90,80,78
138,1,12,6,82,87,86,88
139,1,12,7,89,86,81,83
140,1,12,8,87,86,81,81
141,1,12,9,89,84,81,88
142,1,12,10,84,86,84,84
143,1,12,11,80,88,88,88
144,1,12,12,87,90,90,88
145,2,1,1,12,5,12,7
146,2,1,2,15,16,14,11
147,2,1,3,18,14,16,18
148,2,1,4,20,15,18,16
149,2,1,5,29,27,22,29
150,2,1,6,22,26,20,28
151,2,1,7,29,35,29,32
152,2,1,8,34,33,31,27
153,2,1,9,33,35,31,32
154,2,1,10,39,44,45,40
155,2,1,11,36,39,37,39
156,2,1,12,41,49,42,43
157,2,2,1,44,49,36,40
158,2,2,2,52,47,54,51
159,2,2,3,51,51,54,55
160,2,2,4,35,49,47,39
161,2,2,5,48,45,49,40
162,2,2,6,48,41,46,53
163,2,2,7,52,51,51,43
164,2,2,8,52,36,47,48
165,2,2,9,45,40,43,45
166,2,2,10,47,43,55,51
167,2,2,11,55,51,55,39
168,2,2,12,47,39,47,37
169,2,3,1,46,53,46,46
170,2,3,2,53,40,55,33
171,2,3,3,38,40,30,36
172,2,3,4,53,52,36,49
173,2,3,5,40,52,48,39
174,2,3,6,55,46,40,46
175,2,3,7,43,47,44,46
176,2,3,8,33,41,47,44
177,2,3,9,36,36,44,46
178,2,3,10,42,53,43,39
179,2,3,11,40,44,54,53
180,2,3,12,38,30,41,42
181,2,4,1,40,42,38,35
182,2,4,2,40,37,45,45
183,2,4,3,43,36,37,36
184,2,4,4,45,43,45,36
185,2,4,5,42,40,42,41
186,2,4,6,37,37,35,36
187,2,4,7,40,43,42,42
188,2,4,8,43,44,45,42
189,2,4,9,38,36,41,44
190,2,4,10,41,44,42,44
191,2,4,11,41,35,44,36
192,2,4,12,37,45,41,38
193,2,5,1,32,32,32,34
194,2,5,2,34,32,36,34
195,2,5,3,28,37,37,31
196,2,5,4,40,28,30,33
197,2,5,5,34,29,27,36
198,2,5,6,37,30,28,37
199,2,5,7,34,39,27,28
200,2,5,8,40,34,34,33
201,2,5,9,27,40,33,30
202,2,5,10,37,31,40,33
203,2,5,11,33,35,36,32
204,2,5,12,40,30,36,33
205,2,6,1,30,27,25,29
206,2,6,2,26,28,28,27
207,2,6,3,28,29,28,29
208,2,6,4,26,29,27,28
209,2,6,5,22,32,32,24
210,2,6,6,30,29,22,36
211,2,6,7,32,36,29,28
212,2,6,8,34,21,23,33
213,2,6,9,35,25,25,24
214,2,6,10,34,27,23,25
215,2,6,11,23,29,22,34
216,2,6,12,24,21,26,33
217,2,7,1,22,28,27,21
218,2,7,2,24,29,28,24
219,2,7,3,34,34,33,33
220,2,7,4,22,35,30,28
221,2,7,5,22,37,22,33
222,2,7,6,38,40,35,30
223,2,7,7,38,40,35,32
224,2,7,8,33,39,40,45
225,2,7,9,40,50,37,33
226,2,7,10,43,47,43,40
227,2,7,11,44,50,45,50
228,2,7,12,46,46,49,50
229,2,8,1,45,40,50,45
230,2,8,2,47,48,45,37
231,2,8,3,40,43,37,40
232,2,8,4,48,49,50,47
233,2,8,5,36,44,43,44
234,2,8,6,43,45,45,37
235,2,8,7,37,37,35,39
236,2,8,8,46,46,48,56
237,2,8,9,52,48,53,48
238,2,8,10,46,46,45,57
239,2,8,11,56,57,49,45
240,2,8,12,48,52,60,57
241,2,9,1,45,49,43,49
242,2,9,2,41,46,40,43
243,2,9,3,48,52,54,50
244,2,9,4,47,46,53,49
245,2,9,5,51,45,58,52
246,2,9,6,58,60,53,53
247,2,9,7,53,54,51,57
248,2,9,8,53,59,51,52
249,2,9,9,59,60,59,56
250,2,9,10,58,60,57,55
251,2,9,11,63,63,60,64
252,2,9,12,63,65,64,62
253,2,10,1,58,58,53,59
254,2,10,2,56,53,54,54
255,2,10,3,61,54,63,61
256,2,10,4,71,69,70,64
257,2,10,5,66,63,56,66
258,2,10,6,66,56,70,68
259,2,10,7,64,58,67,62
260,2,10,8,57,70,62,67
261,2,10,9,58,69,67,63
262,2,10,10,56,70,55,66
263,2,10,11,68,63,61,67
264,2,10,12,61,67,56,60
265,2,11,1,60,61,63,67
266,2,11,2,69,62,63,63
267,2,11,3,71,67,71,64
268,2,11,4,65,61,64,62
269,2,11,5,68,63,74,66
270,2,11,6,64,71,75,71
271,2,11,7,80,74,76,77
272,2,11,8,73,71,72,76
273,2,11,9,83,89,83,84
274,2,11,10,85,84,77,81
275,2,11,11,84,77,79,86
276,2,11,12,89,85,80,77
277,2,12,1,86,81,76,88
278,2,12,2,82,88,85,77
279,2,12,3,78,90,79,88
280,2,12,4,78,87,82,81
281,2,12,5,80,75,78,76
282,2,12,6,85,80,88,90
283,2,12,7,81,80,82,80
284,2,12,8,82,81,82,85
285,2,12,9,83,81,83,84
286,2,12,10,90,83,80,81
287,2,12,11,85,83,88,90
288,2,12,12,90,87,83,90
289,3,1,1,5,8,6,12
290,3,1,2,11,19,19,14
291,3,1,3,15,11,16,17
292,3,1,4,20,17,18,16
293,3,1,5,20,21,28,26
294,3,1,6,24,27,28,22
295,3,1,7,29,31,31,35
296,3,1,8,25,26,26,35
297,3,1,9,31,32,37,38
298,3,1,10,44,39,39,36
299,3,1,11,45,37,40,37
300,3,1,12,49,46,45,47
301,3,2,1,50,36,42,41
302,3,2,2,53,45,55,46
303,3,2,3,55,53,53,54
304,3,2,4,48,41,44,49
305,3,2,5,35,45,52,44
306,3,2,6,42,39,35,42
307,3,2,7,42,39,50,42
308,3,2,8,40,50,53,36
309,3,2,9,44,55,43,37
310,3,2,10,45,36,40,41
311,3,2,11,42,51,55,41
312,3,2,12,53,52,47,47
313,3,3,1,39,30,44,55
314,3,3,2,44,52,46,48
315,3,3,3,50,55,50,46
316,3,3,4,50,53,34,39
317,3,3,5,31,41,47,49
318,3,3,6,36,39,32,45
319,3,3,7,30,51,44,50
320,3,3,8,44,55,39,43
321,3,3,9,50,52,35,45
322,3,3,10,32,40,55,40
323,3,3,11,52,47,33,31
324,3,3,12,41,52,42,55
325,3,4,1,44,38,44,44
326,3,4,2,43,42,38,45
327,3,4,3,36,38,39,41
328,3,4,4,45,44,36,38
329,3,4,5,44,37,38,43
330,3,4,6,39,45,45,39
331,3,4,7,44,41,38,45
332,3,4,8,44,40,45,45
333,3,4,9,37,40,36,38
334,3,4,10,43,35,42,39
335,3,4,11,43,43,44,44
336,3,4,12,39,40,41,38
337,3,5,1,39,30,29,31
338,3,5,2,33,33,38,33
339,3,5,3,40,27,30,37
340,3,5,4,36,34,27,34
341,3,5,5,37,28,29,38
342,3,5,6,29,27,27,39
343,3,5,7,33,31,27,32
344,3,5,8,40,27,34,29
345,3,5,9,35,36,28,36
346,3,5,10,32,30,30,29
347,3,5,11,31,31,31,39
348,3,5,12,33,27,35,27
349,3,6,1,26,27,27,25
350,3,6,2,28,28,29,25
351,3,6,3,29,25,30,30
352,3,6,4,29,31,33,31
353,3,6,5,29,25,34,21
354,3,6,6,37,40,35,32
355,3,6,7,36,37,25,27
356,3,6,8,25,27,21,22
357,3,6,9,21,26,30,34
358,3,6,10,30,20,35,32
359,3,6,11,23,28,21,27
360,3,6,12,23,23,25,21
361,3,7,1,25,28,26,23
362,3,7,2,26,30,22,21
363,3,7,3,29,33,33,28
364,3,7,4,28,29,24,35
365,3,7,5,31,20,24,20
366,3,7,6,35,30,37,30
367,3,7,7,36,30,31,32
368,3,7,8,48,42,50,38
369,3,7,9,49,37,34,45
370,3,7,10,50,40,41,47
371,3,7,11,46,47,42,45
372,3,7,12,44,47,47,50
373,3,8,1,46,42,49,43
374,3,8,2,39,35,38,35
375,3,8,3,35,48,41,42
376,3,8,4,39,35,46,48
377,3,8,5,36,40,43,44
378,3,8,6,37,45,41,38
379,3,8,7,38,45,45,36
380,3,8,8,57,58,53,53
381,3,8,9,60,53,57,47
382,3,8,10,48,56,46,55
383,3,8,11,45,60,45,48
384,3,8,12,48,47,47,52
385,3,9,1,49,48,49,45
386,3,9,2,45,41,54,43
387,3,9,3,50,53,46,51
388,3,9,4,49,54,53,53
389,3,9,5,46,50,56,59
390,3,9,6,50,50,46,47
391,3,9,7,60,57,58,53
392,3,9,8,54,56,56,59
393,3,9,9,65,59,58,60
394,3,9,10,63,59,65,63
395,3,9,11,64,62,62,62
396,3,9,12,64,63,61,65
397,3,10,1,60,57,52,51
398,3,10,2,55,53,57,58
399,3,10,3,60,58,59,54
400,3,10,4,64,64,71,61
401,3,10,5,60,65,60,60
402,3,10,6,66,57,56,61
403,3,10,7,64,61,61,62
404,3,10,8,66,56,56,63
405,3,10,9,63,64,67,55
406,3,10,10,63,67,58,67
407,3,10,11,55,65,62,61
408,3,10,12,59,57,64,56
409,3,11,1,67,67,66,68
410,3,11,2,65,70,66,63
411,3,11,3,64,75,67,66
412,3,11,4,67,70,70,63
413,3,11,5,68,72,60,74
414,3,11,6,61,73,66,74
415,3,11,7,71,73,76,78
416,3,11,8,72,74,80,71
417,3,11,9,83,82,81,89
418,3,11,10,84,79,79,84
419,3,11,11,82,78,81,76
420,3,11,12,75,90,81,78
421,3,12,1,82,82,86,76
422,3,12,2,83,88,89,82
423,3,12,3,83,77,87,78
424,3,12,4,88,89,77,83
425,3,12,5,86,77,81,83
426,3,12,6,81,87,85,88
427,3,12,7,88,90,80,80
428,3,12,8,80,81,90,84
429,3,12,9,83,83,86,87
430,3,12,10,86,81,86,80
431,3,12,11,82,86,83,80
432,3,12,12,82,86,88,84
433,4,1,1,11,13,10,10
434,4,1,2,17,10,17,15
435,4,1,3,18,13,19,12
436,4,1,4,20,20,15,17
437,4,1,5,20,22,23,24
438,4,1,6,28,20,26,28
439,4,1,7,25,29,35,29
440,4,1,8,30,27,30,35
441,4,1,9,30,39,37,40
442,4,1,10,43,37,40,40
443,4,1,11,36,38,40,44
444,4,1,12,38,50,46,39
445,4,2,1,37,35,49,40
446,4,2,2,48,50,40,51
447,4,2,3,55,51,54,53
448,4,2,4,41,43,51,40
449,4,2,5,37,37,52,36
450,4,2,6,46,35,44,35
451,4,2,7,41,52,43,42
452,4,2,8,45,44,40,37
453,4,2,9,45,53,35,44
454,4,2,10,53,39,49,41
455,4,2,11,37,52,47,55
456,4,2,12,47,49,40,43
457,4,3,1,40,38,30,55
458,4,3,2,38,33,46,45
459,4,3,3,51,44,39,52
460,4,3,4,33,35,45,40
461,4,3,5,49,42,50,31
462,4,3,6,44,38,47,40
463,4,3,7,31,51,48,44
464,4,3,8,31,54,39,36
465,4,3,9,45,34,33,52
466,4,3,10,43,44,32,41
467,4,3,11,52,34,50,39
468,4,3,12,54,40,54,42
469,4,4,1,38,41,37,45
470,4,4,2,42,36,35,42
471,4,4,3,39,36,42,40
472,4,4,4,39,38,43,39
473,4,4,5,39,37,43,39
474,4,4,6,41,41,43,36
475,4,4,7,45,41,42,38
476,4,4,8,44,38,38,37
477,4,4,9,37,37,39,35
478,4,4,10,36,43,45,40
479,4,4,11,42,38,45,37
480,4,4,12,36,41,37,45
481,4,5,1,36,29,29,27
482,4,5,2,31,38,30,33
483,4,5,3,27,40,37,38
484,4,5,4,30,30,27,30
485,4,5,5,34,31,40,37
486,4,5,6,31,35,33,27
487,4,5,7,32,34,33,32
488,4,5,8,34,27,30,32
489,4,5,9,39,38,35,39
490,4,5,10,27,38,36,27
491,4,5,11,33,35,31,35
492,4,5,12,29,31,33,32
493,4,6,1,30,29,28,26
494,4,6,2,25,26,25,25
495,4,6,3,30,27,30,27
496,4,6,4,32,22,31,24
497,4,6,5,28,23,27,26
498,4,6,6,21,33,20,33
499,4,6,7,27,28,35,28
500,4,6,8,25,32,30,30
501,4,6,9,22,31,20,30
502,4,6,10,27,26,30,26
503,4,6,11,35,24,20,35
504,4,6,12,30,26,34,33
505,4,7,1,29,28,21,30
506,4,7,2,21,29,24,29
507,4,7,3,30,33,25,27
508,4,7,4,27,21,25,29
509,4,7,5,40,30,32,25
510,4,7,6,36,31,39,34
511,4,7,7,32,36,39,33
512,4,7,8,49,34,41,33
513,4,7,9,38,42,42,31
514,4,7,10,45,43,42,40
515,4,7,11,44,44,42,48
516,4,7,12,44,42,45,50
517,4,8,1,37,50,49,44
518,4,8,2,48,42,44,44
519,4,8,3,46,42,42,43
520,4,8,4,36,43,41,42
521,4,8,5,39,37,44,42
522,4,8,6,35,39,39,41
523,4,8,7,36,37,42,44
524,4,8,8,48,50,58,47
525,4,8,9,57,45,45,50
526,4,8,10,56,59,51,60
527,4,8,11,57,58,60,45
528,4,8,12,54,58,51,59
529,4,9,1,42,44,46,44
530,4,9,2,40,55,48,53
531,4,9,3,49,55,52,48
532,4,9,4,55,48,50,48
533,4,9,5,47,57,55,48
534,4,9,6,59,59,51,59
535,4,9,7,58,57,60,58
536,4,9,8,57,51,59,51
537,4,9,9,63,62,55,61
538,4,9,10,61,55,65,65
539,4,9,11,61,61,64,62
540,4,9,12,61,65,64,61
541,4,10,1,54,51,57,56
542,4,10,2,56,59,52,50
543,4,10,3,63,62,57,61
544,4,10,4,72,70,66,67
545,4,10,5,68,59,69,60
546,4,10,6,65,55,64,66
547,4,10,7,70,70,65,68
548,4,10,8,62,56,57,70
549,4,10,9,70,57,66,67
550,4,10,10,66,65,64,63
551,4,10,11,66,62,70,58
552,4,10,12,58,69,69,69
553,4,11,1,69,64,70,69
554,4,11,2,61,67,62,70
555,4,11,3,61,70,62,66
556,4,11,4,72,72,71,67
557,4,11,5,75,67,71,62
558,4,11,6,60,70,62,73
559,4,11,7,73,79,72,72
560,4,11,8,73,73,79,79
561,4,11,9,89,77,76,89
562,4,11,10,81,85,82,79
563,4,11,11,75,88,89,84
564,4,11,12,76,88,75,77
565,4,12,1,82,83,82,85
566,4,12,2,90,87,83,75
567,4,12,3,75,90,84,83
568,4,12,4,86,83,89,84
569,4,12,5,86,84,83,79
570,4,12,6,90,83,81,88
571,4,12,7,80,84,83,81
572,4,12,8,83,85,80,83
573,4,12,9,82,81,88,84
574,4,12,10,84,81,85,90
575,4,12,11,82,83,87,85
576,4,12,12,87,83,80,90
577,5,1,1,14,6,8,8
578,5,1,2,12,17,13,10
579,5,1,3,16,16,20,13
580,5,1,4,22,17,17,16
581,5,1,5,25,28,28,22
582,5,1,6,26,22,20,29
583,5,1,7,27,33,26,30
584,5,1,8,35,31,34,25
585,5,1,9,30,34,31,39
586,5,1,10,37,43,35,37
587,5,1,11,44,36,36,39
588,5,1,12,36,46,41,39
589,5,2,1,35,37,35,36
590,5,2,2,50,55,52,40
591,5,2,3,51,51,53,53
592,5,2,4,54,36,47,49
593,5,2,5,43,49,49,35
594,5,2,6,36,45,38,39
595,5,2,7,41,47,45,49
596,5,2,8,43,47,40,54
597,5,2,9,45,42,37,45
598,5,2,10,39,46,45,49
599,5,2,11,43,38,42,50
600,5,2,12,48,54,43,46
601,5,3,1,31,42,36,53
602,5,3,2,41,39,37,54
603,5,3,3,38,35,46,44
604,5,3,4,33,53,53,34
605,5,3,5,41,36,46,34
606,5,3,6,54,48,40,36
607,5,3,7,35,39,55,41
608,5,3,8,43,43,49,45
609,5,3,9,35,34,50,33
610,5,3,10,53,38,30,32
611,5,3,11,51,40,55,41
612,5,3,12,35,38,31,48
613,5,4,1,39,42,40,45
614,5,4,2,37,38,44,37
615,5,4,3,36,35,35,41
616,5,4,4,39,43,43,40
617,5,4,5,40,39,43,44
618,5,4,6,41,39,40,39
619,5,4,7,41,44,42,37
620,5,4,8,37,41,38,45
621,5,4,9,37,35,40,40
622,5,4,10,42,37,43,40
623,5,4,11,40,39,43,36
624,5,4,12,42,38,41,37
625,5,5,1,29,36,27,37
626,5,5,2,31,36,35,38
627,5,5,3,29,40,39,29
628,5,5,4,32,36,32,28
629,5,5,5,31,38,33,37
630,5,5,6,38,31,36,37
631,5,5,7,39,40,32,30
632,5,5,8,27,38,37,37
633,5,5,9,33,36,31,28
634,5,5,10,35,27,34,34
635,5,5,11,34,39,34,29
636,5,5,12,32,33,35,35
637,5,6,1,27,26,25,25
638,5,6,2,27,27,30,27
639,5,6,3,27,27,30,27
640,5,6,4,23,26,27,21
641,5,6,5,26,28,24,34
642,5,6,6,27,31,31,35
643,5,6,7,24,35,26,30
644,5,6,8,30,31,20,35
645,5,6,9,35,30,30,33
646,5,6,10,22,31,22,29
647,5,6,11,22,23,26,20
648,5,6,12,29,31,24,21
649,5,7,1,22,26,20,21
650,5,7,2,30,20,23,25
651,5,7,3,34,26,24,20
652,5,7,4,28,23,33,21
653,5,7,5,40,30,29,34
654,5,7,6,39,38,31,35
655,5,7,7,37,36,32,30
656,5,7,8,46,32,42,34
657,5,7,9,37,47,32,33
658,5,7,10,42,48,45,44
659,5,7,11,45,44,50,48
660,5,7,12,41,45,47,44
661,5,8,1,38,43,43,44
662,5,8,2,48,43,37,41
663,5,8,3,39,38,39,40
664,5,8,4,40,37,47,38
665,5,8,5,42,42,37,37
666,5,8,6,43,44,41,45
667,5,8,7,39,36,40,43
668,5,8,8,46,57,52,53
669,5,8,9,57,54,50,58
670,5,8,10,57,55,45,46
671,5,8,11,59,58,59,53
672,5,8,12,59,45,48,52
673,5,9,1,49,45,43,47
674,5,9,2,45,41,55,44
675,5,9,3,47,51,49,55
676,5,9,4,45,46,50,46
677,5,9,5,50,48,45,60
678,5,9,6,54,53,47,47
679,5,9,7,51,55,52,60
680,5,9,8,60,51,56,58
681,5,9,9,55,55,56,60
682,5,9,10,60,63,62,56
683,5,9,11,63,63,63,65
684,5,9,12,64,60,63,65
685,5,10,1,56,59,54,55
686,5,10,2,58,50,56,56
687,5,10,3,59,64,58,50
688,5,10,4,74,72,67,66
689,5,10,5,70,66,70,70
690,5,10,6,70,59,68,60
691,5,10,7,56,64,65,70
692,5,10,8,58,55,60,55
693,5,10,9,61,60,63,63
694,5,10,10,70,57,65,62
695,5,10,11,58,61,69,64
696,5,10,12,63,60,55,56
697,5,11,1,65,66,64,60
698,5,11,2,60,64,66,65
699,5,11,3,62,63,63,65
700,5,11,4,61,67,60,70
701,5,11,5,74,73,65,60
702,5,11,6,72,67,65,74
703,5,11,7,77,73,78,77
704,5,11,8,80,76,70,70
705,5,11,9,88,81,84,87
706,5,11,10,88,80,80,79
707,5,11,11,88,85,80,90
708,5,11,12,86,86,77,77
709,5,12,1,85,86,86,88
710,5,12,2,85,88,87,78
711,5,12,3,88,87,86,83
712,5,12,4,77,80,85,83
713,5,12,5,84,85,84,84
714,5,12,6,88,82,84,83
715,5,12,7,83,87,85,85
716,5,12,8,85,89,81,88
717,5,12,9,87,82,88,86
718,5,12,10,81,86,90,84
719,5,12,11,83,89,90,88
720,5,12,12,82,90,84,84
721,6,1,1,10,11,11,6
722,6,1,2,13,13,11,12
723,6,1,3,18,16,11,20
724,6,1,4,18,19,18,16
725,6,1,5,29,26,21,25
726,6,1,6,26,30,21,24
727,6,1,7,35,31,28,27
728,6,1,8,30,27,35,32
729,6,1,9,37,30,36,30
730,6,1,10,39,44,45,39
731,6,1,11,44,42,42,37
732,6,1,12,46,37,35,37
733,6,2,1,47,40,39,41
734,6,2,2,40,40,47,49
735,6,2,3,55,51,52,51
736,6,2,4,45,38,42,49
737,6,2,5,51,38,43,40
738,6,2,6,54,51,39,49
739,6,2,7,46,43,36,37
740,6,2,8,39,38,53,40
741,6,2,9,48,35,52,52
742,6,2,10,37,45,40,39
743,6,2,11,35,51,36,43
744,6,2,12,55,52,40,40
745,6,3,1,55,49,55,45
746,6,3,2,52,40,44,37
747,6,3,3,55,51,38,47
748,6,3,4,40,50,47,52
749,6,3,5,32,55,43,34
750,6,3,6,38,52,46,42
751,6,3,7,51,32,36,40
752,6,3,8,36,35,44,35
753,6,3,9,38,39,55,45
754,6,3,10,48,34,39,52
755,6,3,11,42,38,30,42
756,6,3,12,53,31,48,41
757,6,4,1,38,37,37,44
758,6,4,2,41,43,36,44
759,6,4,3,44,35,42,36
760,6,4,4,37,41,37,36
761,6,4,5,40,37,38,37
762,6,4,6,39,40,36,41
763,6,4,7,36,36,35,35
764,6,4,8,39,44,40,40
765,6,4,9,41,40,39,37
766,6,4,10,42,39,38,35
767,6,4,11,40,37,39,39
768,6,4,12,45,39,36,42
769,6,5,1,27,36,30,37
770,6,5,2,33,37,30,40
771,6,5,3,31,34,30,30
772,6,5,4,33,29,38,32
773,6,5,5,39,32,32,30
774,6,5,6,39,27,40,32
775,6,5,7,28,34,35,32
776,6,5,8,28,35,36,34
777,6,5,9,28,40,38,37
778,6,5,10,29,40,40,34
779,6,5,11,40,30,38,28
780,6,5,12,27,35,36,38
781,6,6,1,28,28,29,30
782,6,6,2,26,25,28,26
783,6,6,3,25,30,26,27
784,6,6,4,21,25,22,23
785,6,6,5,23,25,21,21
786,6,6,6,29,29,24,22
787,6,6,7,22,29,38,36
788,6,6,8,26,29,32,33
789,6,6,9,21,24,22,32
790,6,6,10,33,28,21,26
791,6,6,11,31,29,26,31
792,6,6,12,20,24,35,20
793,6,7,1,26,23,30,29
794,6,7,2,23,25,23,27
795,6,7,3,28,20,26,28
796,6,7,4,31,26,28,32
797,6,7,5,27,24,22,22
798,6,7,6,30,40,40,32
799,6,7,7,30,33,32,32
800,6,7,8,31,47,37,43
801,6,7,9,43,38,42,40
802,6,7,10,43,43,43,42
803,6,7,11,42,49,48,50
804,6,7,12,40,49,47,49
805,6,8,1,39,40,38,46
806,6,8,2,45,44,40,50
807,6,8,3,46,43,40,45
808,6,8,4,44,42,42,38
809,6,8,5,44,45,36,44
810,6,8,6,44,44,36,43
811,6,8,7,44,39,37,36
812,6,8,8,48,48,50,57
813,6,8,9,52,53,49,53
814,6,8,10,51,56,52,45
815,6,8,11,55,49,53,45
816,6,8,12,53,45,45,51
817,6,9,1,44,43,48,42
818,6,9,2,50,51,55,49
819,6,9,3,51,53,48,55
820,6,9,4,50,45,48,54
821,6,9,5,55,53,53,50
822,6,9,6,59,50,54,50
823,6,9,7,60,57,58,52
824,6,9,8,50,59,51,54
825,6,9,9,63,59,58,62
826,6,9,10,60,57,56,64
827,6,9,11,64,60,63,60
828,6,9,12,65,61,65,65
829,6,10,1,52,51,57,53
830,6,10,2,55,59,53,52
831,6,10,3,57,63,62,54
832,6,10,4,61,61,69,68
833,6,10,5,58,57,64,63
834,6,10,6,66,68,65,70
835,6,10,7,62,69,63,58
836,6,10,8,64,65,57,64
837,6,10,9,64,61,69,56
838,6,10,10,56,63,56,68
839,6,10,11,58,69,64,68
840,6,10,12,60,67,56,63
841,6,11,1,67,62,70,65
842,6,11,2,69,68,61,61
843,6,11,3,70,72,70,66
844,6,11,4,71,63,64,66
845,6,11,5,72,69,66,70
846,6,11,6,62,70,61,67
847,6,11,7,72,75,75,72
848,6,11,8,74,73,73,74
849,6,11,9,82,81,90,82
850,6,11,10,89,85,79,77
851,6,11,11,80,88,88,82
852,6,11,12,80,76,89,88
853,6,12,1,89,81,76,76
854,6,12,2,77,77,77,89
855,6,12,3,88,76,81,79
856,6,12,4,80,89,82,77
857,6,12,5,87,86,77,85
858,6,12,6,85,84,80,86
859,6,12,7,88,83,82,80
860,6,12,8,88,90,81,87
861,6,12,9,86,86,80,81
862,6,12,10,84,84,82,85
863,6,12,11,90,83,90,90
864,6,12,12,81,89,87,89
865,7,1,1,6,6,6,7
866,7,1,2,14,18,20,12
867,7,1,3,16,14,18,19
868,7,1,4,23,17,15,19
869,7,1,5,25,21,28,28
870,7,1,6,30,30,21,23
871,7,1,7,27,33,32,33
872,7,1,8,25,25,30,26
873,7,1,9,30,38,34,32
874,7,1,10,38,39,35,37
875,7,1,11,38,38,41,37
876,7,1,12,42,47,46,48
877,7,2,1,36,46,49,37
878,7,2,2,48,46,46,46
879,7,2,3,54,51,53,52
880,7,2,4,53,39,37,53
881,7,2,5,51,41,43,37
882,7,2,6,49,43,46,47
883,7,2,7,44,36,53,42
884,7,2,8,35,44,49,44
885,7,2,9,42,49,48,47
886,7,2,10,55,36,37,51
887,7,2,11,51,44,53,48
888,7,2,12,41,40,48,40
889,7,3,1,39,36,53,39
890,7,3,2,48,31,53,55
891,7,3,3,42,40,39,50
892,7,3,4,39,33,47,41
893,7,3,5,39,52,55,55
894,7,3,6,30,53,41,42
895,7,3,7,46,32,31,51
896,7,3,8,33,30,54,33
897,7,3,9,47,38,44,54
898,7,3,10,52,46,34,55
899,7,3,11,36,37,39,34
900,7,3,12,45,49,55,35
901,7,4,1,40,41,35,38
902,7,4,2,39,40,40,39
903,7,4,3,37,42,45,38
904,7,4,4,37,35,45,35
905,7,4,5,42,44,43,45
906,7,4,6,39,40,43,41
907,7,4,7,45,38,39,41
908,7,4,8,41,41,40,36
909,7,4,9,44,39,38,44
910,7,4,10,43,43,40,44
911,7,4,11,37,38,40,44
912,7,4,12,42,37,45,43
913,7,5,1,27,31,29,30
914,7,5,2,31,33,29,36
915,7,5,3,38,38,27,33
916,7,5,4,30,27,32,30
917,7,5,5,39,35,30,27
918,7,5,6,33,29,32,35
919,7,5,7,34,33,34,33
920,7,5,8,35,27,37,36
921,7,5,9,39,38,28,32
922,7,5,10,28,33,37,34
923,7,5,11,29,28,35,38
924,7,5,12,34,35,32,28
925,7,6,1,28,25,26,28
926,7,6,2,30,30,27,28
927,7,6,3,29,26,25,29
928,7,6,4,20,25,25,25
929,7,6,5,25,23,34,29
930,7,6,6,30,24,28,24
931,7,6,7,40,25,36,28
932,7,6,8,32,30,21,32
933,7,6,9,26,31,28,30
934,7,6,10,35,33,27,25
935,7,6,11,22,31,28,22
936,7,6,12,26,31,25,32
937,7,7,1,29,22,29,30
938,7,7,2,25,28,30,24
939,7,7,3,31,20,21,27
940,7,7,4,33,21,27,21
941,7,7,5,40,31,40,20
942,7,7,6,38,39,40,34
943,7,7,7,33,36,31,35
944,7,7,8,50,31,43,32
945,7,7,9,48,36,47,34
946,7,7,10,41,46,45,42
947,7,7,11,47,41,46,43
948,7,7,12,49,46,49,45
949,7,8,1,37,43,48,43
950,7,8,2,35,49,49,45
951,7,8,3,37,39,39,46
952,7,8,4,50,48,38,47
953,7,8,5,38,35,42,38
954,7,8,6,44,45,38,37
955,7,8,7,38,43,43,38
956,7,8,8,58,59,54,55
957,7,8,9,58,47,45,55
958,7,8,10,50,47,45,46
959,7,8,11,51,60,56,50
960,7,8,12,57,59,53,58
961,7,9,1,43,45,46,49
962,7,9,2,46,52,51,54
963,7,9,3,47,53,52,48
964,7,9,4,51,49,46,55
965,7,9,5,58,59,55,58
966,7,9,6,55,45,47,57
967,7,9,7,51,55,50,53
968,7,9,8,53,53,60,54
969,7,9,9,63,57,55,55
970,7,9,10,57,61,56,65
971,7,9,11,65,61,60,64
972,7,9,12,65,64,63,60
973,7,10,1,59,58,60,54
974,7,10,2,50,56,50,51
975,7,10,3,56,60,61,51
976,7,10,4,67,73,70,71
977,7,10,5,56,69,69,56
978,7,10,6,56,61,63,59
979,7,10,7,62,55,55,67
980,7,10,8,56,58,61,64
981,7,10,9,68,60,64,67
982,7,10,10,65,55,67,69
983,7,10,11,58,55,65,58
984,7,10,12,57,70,59,66
985,7,11,1,69,61,68,62
986,7,11,2,62,60,62,65
987,7,11,3,64,62,73,63
988,7,11,4,69,75,75,71
989,7,11,5,62,69,61,66
990,7,11,6,61,73,69,69
991,7,11,7,79,75,77,73
992,7,11,8,77,75,79,73
993,7,11,9,78,81,76,84
994,7,11,10,75,87,88,86
995,7,11,11,82,85,85,85
996,7,11,12,85,75,84,76
997,7,12,1,87,81,77,76
998,7,12,2,75,76,76,83
999,7,12,3,89,80,89,80
1000,7,12,4,77,80,80,76
1001,7,12,5,84,81,81,85
1002,7,12,6,90,83,87,89
1003,7,12,7,84,83,86,80
1004,7,12,8,87,86,87,90
1005,7,12,9,80,83,86,82
1006,7,12,10,86,90,81,85
1007,7,12,11,87,83,84,81
1008,7,12,12,81,81,87,88
1009,1,1,1,15,7,5,13
1010,1,1,2,19,13,11,16
1011,1,1,3,18,11,13,20
1012,1,1,4,22,17,18,19
1013,1,1,5,23,29,29,27
1014,1,1,6,29,28,27,27
1015,1,1,7,31,26,34,26
1016,1,1,8,27,34,25,34
1017,1,1,9,30,36,30,32
1018,1,1,10,40,35,35,44
1019,1,1,11,36,39,40,37
1020,1,1,12,35,43,41,49
1021,1,2,1,42,41,42,41
1022,1,2,2,48,51,45,43
1023,1,2,3,54,52,54,52
1024,1,2,4,46,44,55,54
1025,1,2,5,51,44,38,46
1026,1,2,6,49,55,51,55
1027,1,2,7,41,38,54,37
1028,1,2,8,36,41,54,43
1029,1,2,9,43,53,40,49
1030,1,2,10,39,46,38,54
1031,1,2,11,38,44,43,46
1032,1,2,12,43,51,39,41
1033,1,3,1,49,43,41,47
1034,1,3,2,53,36,55,38
1035,1,3,3,39,55,36,42
1036,1,3,4,44,33,35,37
1037,1,3,5,34,35,49,30
1038,1,3,6,36,52,33,30
1039,1,3,7,44,42,50,38
1040,1,3,8,52,55,48,49
1041,1,3,9,38,49,45,51
1042,1,3,10,50,44,32,41
1043,1,3,11,36,42,48,30
1044,1,3,12,46,34,32,52
1045,1,4,1,44,44,41,36
1046,1,4,2,42,41,42,35
1047,1,4,3,42,42,36,42
1048,1,4,4,37,43,41,42
1049,1,4,5,36,37,43,41
1050,1,4,6,38,41,37,38
1051,1,4,7,40,35,36,45
1052,1,4,8,36,39,38,39
1053,1,4,9,38,44,35,41
1054,1,4,10,45,35,37,40
1055,1,4,11,38,42,38,40
1056,1,4,12,45,44,45,45
1057,1,5,1,32,36,28,30
1058,1,5,2,36,33,28,39
1059,1,5,3,27,30,28,38
1060,1,5,4,40,32,40,39
1061,1,5,5,27,38,30,31
1062,1,5,6,27,32,37,27
1063,1,5,7,38,29,27,33
1064,1,5,8,36,28,32,35
1065,1,5,9,40,40,32,30
1066,1,5,10,27,36,29,29
1067,1,5,11,27,31,31,29
1068,1,5,12,35,34,35,32
1069,1,6,1,28,28,29,26
1070,1,6,2,26,27,28,29
1071,1,6,3,27,29,29,27
1072,1,6,4,27,31,30,30
1073,1,6,5,35,20,32,24
1074,1,6,6,21,28,34,24
1075,1,6,7,28,35,28,32
1076,1,6,8,24,23,25,27
1077,1,6,9,23,25,30,32
1078,1,6,10,35,29,24,23
1079,1,6,11,26,22,25,35
1080,1,6,12,34,28,22,34
1081,1,7,1,29,25,22,26
1082,1,7,2,28,29,25,29
1083,1,7,3,23,35,23,34
1084,1,7,4,25,31,34,20
1085,1,7,5,21,21,28,31
1086,1,7,6,40,35,34,36
1087,1,7,7,30,31,36,40
1088,1,7,8,36,46,50,39
1089,1,7,9,45,46,33,38
1090,1,7,10,41,45,49,46
1091,1,7,11,40,46,41,42
1092,1,7,12,43,50,40,44
1093,1,8,1,48,39,49,42
1094,1,8,2,37,37,47,48
1095,1,8,3,42,49,44,35
1096,1,8,4,50,40,42,39
1097,1,8,5,42,38,37,39
1098,1,8,6,35,40,37,44
1099,1,8,7,39,40,40,43
1100,1,8,8,45,45,47,57
1101,1,8,9,46,53,58,53
1102,1,8,10,56,58,60,55
1103,1,8,11,50,49,55,60
1104,1,8,12,49,51,59,50
1105,1,9,1,46,48,41,50
1106,1,9,2,49,47,41,49
1107,1,9,3,45,48,52,46
1108,1,9,4,45,47,48,47
1109,1,9,5,58,47,48,46
1110,1,9,6,48,57,54,59
1111,1,9,7,51,54,51,60
1112,1,9,8,60,52,60,56
1113,1,9,9,59,63,63,56
1114,1,9,10,56,57,64,55
1115,1,9,11,61,65,63,65
1116,1,9,12,60,63,65,65
1117,1,10,1,56,57,52,55
1118,1,10,2,55,60,56,55
1119,1,10,3,53,62,65,57
1120,1,10,4,69,64,72,67
1121,1,10,5,60,65,58,69
1122,1,10,6,70,65,57,69
1123,1,10,7,58,60,56,55
1124,1,10,8,70,58,64,64
1125,1,10,9,70,60,62,58
1126,1,10,10,65,58,69,59
1127,1,10,11,58,63,69,63
1128,1,10,12,62,60,69,63
1129,1,11,1,68,61,69,67
1130,1,11,2,60,70,65,66
1131,1,11,3,73,61,72,69
1132,1,11,4,69,61,74,69
1133,1,11,5,67,70,71,62
1134,1,11,6,71,73,73,75
1135,1,11,7,70,76,75,79
1136,1,11,8,75,79,80,74
1137,1,11,9,82,76,89,79
1138,1,11,10,76,76,76,85
1139,1,11,11,81,81,85,90
1140,1,11,12,90,83,77,75
1141,1,12,1,77,90,88,85
1142,1,12,2,75,86,90,76
1143,1,12,3,85,79,82,80
1144,1,12,4,86,76,80,90
1145,1,12,5,78,79,81,82
1146,1,12,6,80,81,88,87
1147,1,12,7,90,89,85,83
1148,1,12,8,85,84,84,84
1149,1,12,9,84,80,86,81
1150,1,12,10,87,85,90,90
1151,1,12,11,85,89,86,90
1152,1,12,12,90,90,89,80
1153,2,1,1,11,8,8,9
1154,2,1,2,20,17,19,14
1155,2,1,3,15,19,19,10
1156,2,1,4,21,19,18,17
1157,2,1,5,24,23,20,26
1158,2,1,6,21,24,21,28
1159,2,1,7,29,33,27,25
1160,2,1,8,25,35,35,34
1161,2,1,9,30,40,33,34
1162,2,1,10,40,44,39,42
1163,2,1,11,36,36,41,43
1164,2,1,12,46,47,42,43
1165,2,2,1,36,37,41,49
1166,2,2,2,48,42,50,55
1167,2,2,3,51,50,54,52
1168,2,2,4,50,50,42,44
1169,2,2,5,51,50,53,42
1170,2,2,6,40,44,50,36
1171,2,2,7,42,51,53,40
1172,2,2,8,48,47,38,37
1173,2,2,9,45,38,42,38
1174,2,2,10,51,52,41,37
1175,2,2,11,54,41,35,53
1176,2,2,12,47,48,47,44
1177,2,3,1,32,50,36,42
1178,2,3,2,31,42,55,52
1179,2,3,3,38,54,38,47
1180,2,3,4,36,53,53,43
1181,2,3,5,35,30,33,49
1182,2,3,6,37,55,34,50
1183,2,3,7,55,31,45,49
1184,2,3,8,41,36,44,47
1185,2,3,9,48,31,46,31
1186,2,3,10,46,39,32,30
1187,2,3,11,33,46,55,30
1188,2,3,12,38,54,44,48
1189,2,4,1,44,36,37,38
1190,2,4,2,35,41,41,38
1191,2,4,3,45,38,42,42
1192,2,4,4,42,36,38,40
1193,2,4,5,39,35,43,42
1194,2,4,6,43,38,44,38
1195,2,4,7,42,40,45,39
1196,2,4,8,44,40,45,36
1197,2,4,9,35,42,40,37
1198,2,4,10,37,35,35,40
1199,2,4,11,38,41,44,44
1200,2,4,12,44,38,37,43
1201,2,5,1,34,35,27,40
1202,2,5,2,28,32,27,29
1203,2,5,3,34,34,40,35
1204,2,5,4,31,30,33,36
1205,2,5,5,40,28,39,30
1206,2,5,6,28,30,39,31
1207,2,5,7,34,35,38,34
1208,2,5,8,32,40,28,34
1209,2,5,9,34,32,34,30
1210,2,5,10,37,36,32,36
1211,2,5,11,34,28,40,38
1212,2,5,12,31,27,32,34
1213,2,6,1,28,29,30,27
1214,2,6,2,25,25,29,28
1215,2,6,3,25,26,25,30
1216,2,6,4,34,21,24,29
1217,2,6,5,32,28,33,20
1218,2,6,6,31,20,31,21
1219,2,6,7,30,35,31,32
1220,2,6,8,23,20,20,26
1221,2,6,9,27,24,20,25
1222,2,6,10,31,35,21,23
1223,2,6,11,25,32,29,21
1224,2,6,12,35,27,24,26
1225,2,7,1,29,21,20,28
1226,2,7,2,29,30,23,24
1227,2,7,3,33,29,31,24
1228,2,7,4,23,32,25,26
1229,2,7,5,36,39,40,30
1230,2,7,6,40,39,31,39
1231,2,7,7,33,35,31,35
1232,2,7,8,33,30,33,47
1233,2,7,9,44,42,37,35
1234,2,7,10,48,40,43,47
1235,2,7,11,48,48,43,49
1236,2,7,12,41,45,42,50
1237,2,8,1,44,38,40,40
1238,2,8,2,41,40,40,48
1239,2,8,3,38,45,38,35
1240,2,8,4,45,36,44,49
1241,2,8,5,41,41,41,43
1242,2,8,6,35,42,40,35
1243,2,8,7,40,42,42,41
1244,2,8,8,50,60,50,45
1245,2,8,9,55,46,48,52
1246,2,8,10,56,46,58,52
1247,2,8,11,53,60,50,57
1248,2,8,12,51,53,52,58
1249,2,9,1,41,40,44,40
1250,2,9,2,54,53,46,52
1251,2,9,3,48,48,51,50
1252,2,9,4,53,45,50,52
1253,2,9,5,49,48,51,55
1254,2,9,6,45,45,56,50
1255,2,9,7,52,52,50,51
1256,2,9,8,58,51,51,60
1257,2,9,9,59,63,60,64
1258,2,9,10,58,57,59,58
1259,2,9,11,64,60,65,60
1260,2,9,12,62,63,62,63
1261,2,10,1,59,50,53,58
1262,2,10,2,58,52,58,59
1263,2,10,3,56,56,55,63
1264,2,10,4,75,68,67,67
1265,2,10,5,67,64,55,70
1266,2,10,6,57,58,59,57
1267,2,10,7,55,60,70,67
1268,2,10,8,55,69,58,59
1269,2,10,9,70,60,60,63
1270,2,10,10,60,59,57,62
1271,2,10,11,60,68,60,62
1272,2,10,12,68,66,63,59
1273,2,11,1,62,68,61,65
1274,2,11,2,64,62,63,68
1275,2,11,3,70,71,67,75
1276,2,11,4,70,62,74,69
1277,2,11,5,74,67,69,63
1278,2,11,6,71,75,66,66
1279,2,11,7,75,77,73,79
1280,2,11,8,73,79,76,72
1281,2,11,9,82,90,82,87
1282,2,11,10,81,77,75,75
1283,2,11,11,79,78,87,88
1284,2,11,12,77,90,86,90
1285,2,12,1,84,88,86,86
1286,2,12,2,85,75,88,78
1287,2,12,3,85,76,83,77
1288,2,12,4,78,90,78,79
1289,2,12,5,80,75,88,86
1290,2,12,6,89,83,90,81
1291,2,12,7,83,83,85,80
1292,2,12,8,87,81,83,81
1293,2,12,9,85,89,86,84
1294,2,12,10,87,81,83,85
1295,2,12,11,84,82,89,80
1296,2,12,12,82,80,88,82
1297,3,1,1,9,14,13,9
1298,3,1,2,11,18,17,11
1299,3,1,3,15,13,13,20
1300,3,1,4,24,17,20,18
1301,3,1,5,28,30,24,27
1302,3,1,6,26,26,24,25
1303,3,1,7,28,27,34,28
1304,3,1,8,27,26,30,27
1305,3,1,9,35,39,36,38
1306,3,1,10,37,45,43,37
1307,3,1,11,35,45,41,39
1308,3,1,12,37,38,40,35
1309,3,2,1,36,35,42,50
1310,3,2,2,43,43,45,40
1311,3,2,3,50,54,52,51
1312,3,2,4,43,43,42,44
1313,3,2,5,40,35,51,52
1314,3,2,6,42,42,45,53
1315,3,2,7,38,41,42,48
1316,3,2,8,50,36,39,50
1317,3,2,9,51,54,36,54
1318,3,2,10,47,45,55,55
1319,3,2,11,36,39,51,48
1320,3,2,12,45,38,45,40
1321,3,3,1,51,55,46,48
1322,3,3,2,39,38,40,40
1323,3,3,3,34,30,48,48
1324,3,3,4,34,46,31,31
1325,3,3,5,44,32,34,50
1326,3,3,6,50,33,39,55
1327,3,3,7,41,36,43,50
1328,3,3,8,43,38,55,54
1329,3,3,9,52,34,42,51
1330,3,3,10,43,43,42,54
1331,3,3,11,36,35,53,35
1332,3,3,12,54,34,38,46
1333,3,4,1,44,35,38,41
1334,3,4,2,45,41,36,42
1335,3,4,3,40,40,43,40
1336,3,4,4,45,37,39,39
1337,3,4,5,44,35,37,43
1338,3,4,6,36,42,41,37
1339,3,4,7,41,42,41,35
1340,3,4,8,39,42,45,45
1341,3,4,9,43,36,40,45
1342,3,4,10,41,43,40,41
1343,3,4,11,44,43,42,44
1344,3,4,12,39,44,39,37
1345,3,5,1,35,29,35,34
1346,3,5,2,29,36,37,35
1347,3,5,3,40,40,29,38
1348,3,5,4,28,31,30,38
1349,3,5,5,28,28,33,34
1350,3,5,6,30,30,32,39
1351,3,5,7,28,40,33,32
1352,3,5,8,31,32,30,32
1353,3,5,9,29,39,27,34
1354,3,5,10,35,27,28,31
1355,3,5,11,34,32,39,37
1356,3,5,12,30,38,29,31
1357,3,6,1,25,30,29,30
1358,3,6,2,29,25,28,28
1359,3,6,3,29,28,30,26
1360,3,6,4,22,27,28,27
1361,3,6,5,25,26,29,23
1362,3,6,6,30,34,34,20
1363,3,6,7,20,28,21,27
1364,3,6,8,32,33,34,31
1365,3,6,9,34,21,28,34
1366,3,6,10,29,33,22,22
1367,3,6,11,31,34,32,35
1368,3,6,12,23,26,27,34
1369,3,7,1,27,21,23,20
1370,3,7,2,28,21,28,23
1371,3,7,3,26,32,31,21
1372,3,7,4,31,31,28,35
1373,3,7,5,27,38,26,36
1374,3,7,6,34,36,31,40
1375,3,7,7,37,36,40,33
1376,3,7,8,44,46,39,32
1377,3,7,9,47,38,43,42
1378,3,7,10,48,46,49,44
1379,3,7,11,46,46,41,42
1380,3,7,12,41,45,40,46
1381,3,8,1,42,46,38,47
1382,3,8,2,49,45,48,45
1383,3,8,3,41,49,38,36
1384,3,8,4,40,50,37,39
1385,3,8,5,36,44,36,38
1386,3,8,6,39,44,35,37
1387,3,8,7,37,45,35,38
1388,3,8,8,49,51,45,58
1389,3,8,9,56,53,48,46
1390,3,8,10,55,46,47,57
1391,3,8,11,49,46,55,57
1392,3,8,12,50,54,55,50
1393,3,9,1,44,47,49,45
1394,3,9,2,53,48,46,43
1395,3,9,3,48,49,48,51
1396,3,9,4,48,55,50,50
1397,3,9,5,52,48,56,59
1398,3,9,6,54,51,48,58
1399,3,9,7,52,55,54,58
1400,3,9,8,55,57,50,52
1401,3,9,9,60,55,64,56
1402,3,9,10,64,65,65,61
1403,3,9,11,62,65,61,64
1404,3,9,12,60,61,61,61
1405,3,10,1,54,58,54,55
1406,3,10,2,54,59,55,57
1407,3,10,3,62,64,62,63
1408,3,10,4,65,69,61,65
1409,3,10,5,65,63,61,64
1410,3,10,6,58,67,70,56
1411,3,10,7,65,60,62,58
1412,3,10,8,58,67,58,67
1413,3,10,9,60,62,64,57
1414,3,10,10,58,57,68,67
1415,3,10,11,67,67,62,60
1416,3,10,12,64,69,64,70
1417,3,11,1,66,63,67,62
1418,3,11,2,61,67,63,63
1419,3,11,3,73,72,66,66
1420,3,11,4,60,72,66,61
1421,3,11,5,70,60,61,75
1422,3,11,6,70,75,62,72
1423,3,11,7,77,74,78,77
1424,3,11,8,73,77,76,73
1425,3,11,9,79,85,88,80
1426,3,11,10,75,81,88,90
1427,3,11,11,89,89,76,84
1428,3,11,12,75,78,82,77
1429,3,12,1,77,77,83,77
1430,3,12,2,86,75,88,75
1431,3,12,3,78,89,88,76
1432,3,12,4,84,83,89,75
1433,3,12,5,84,88,81,87
1434,3,12,6,89,86,83,87
1435,3,12,7,87,88,80,82
1436,3,12,8,81,83,83,83
1437,3,12,9,84,82,81,86
1438,3,12,10,80,90,83,86
1439,3,12,11,82,88,88,87
1440,3,12,12,90,82,85,82
1441,4,1,1,7,8,8,15
1442,4,1,2,20,12,19,17
1443,4,1,3,16,17,19,16
1444,4,1,4,19,17,18,15
1445,4,1,5,28,27,29,30
1446,4,1,6,24,25,21,23
1447,4,1,7,28,28,27,33
1448,4,1,8,31,28,29,31
1449,4,1,9,38,33,33,33
1450,4,1,10,45,43,45,37
1451,4,1,11,43,36,36,38
1452,4,1,12,38,42,47,39
1453,4,2,1,39,49,45,50
1454,4,2,2,51,45,51,44
1455,4,2,3,55,50,50,52
1456,4,2,4,48,49,47,42
1457,4,2,5,42,39,37,55
1458,4,2,6,52,40,35,49
1459,4,2,7,39,54,37,38
1460,4,2,8,36,42,50,52
1461,4,2,9,43,54,40,41
1462,4,2,10,37,54,50,37
1463,4,2,11,40,37,54,49
1464,4,2,12,35,48,54,54
1465,4,3,1,46,52,54,35
1466,4,3,2,43,38,46,55
1467,4,3,3,38,43,49,51
1468,4,3,4,49,55,41,50
1469,4,3,5,43,55,52,36
1470,4,3,6,34,53,46,38
1471,4,3,7,42,52,32,38
1472,4,3,8,52,52,55,50
1473,4,3,9,43,46,43,36
1474,4,3,10,32,52,41,39
1475,4,3,11,45,47,31,37
1476,4,3,12,49,43,49,53
1477,4,4,1,44,43,45,39
1478,4,4,2,38,37,38,40
1479,4,4,3,38,41,38,35
1480,4,4,4,35,43,40,41
1481,4,4,5,35,44,45,45
1482,4,4,6,39,43,45,44
1483,4,4,7,45,44,40,40
1484,4,4,8,42,36,35,36
1485,4,4,9,43,39,43,45
1486,4,4,10,43,38,35,41
1487,4,4,11,45,36,42,45
1488,4,4,12,40,39,38,43
1489,4,5,1,29,37,37,30
1490,4,5,2,35,31,36,39
1491,4,5,3,28,35,28,39
1492,4,5,4,36,32,40,39
1493,4,5,5,38,31,36,39
1494,4,5,6,32,37,33,30
1495,4,5,7,29,34,38,30
1496,4,5,8,33,33,27,38
1497,4,5,9,32,39,27,40
1498,4,5,10,33,32,36,36
1499,4,5,11,28,31,35,33
1500,4,5,12,30,31,30,28
1501,4,6,1,25,26,25,25
1502,4,6,2,28,25,27,29
1503,4,6,3,29,28,26,29
1504,4,6,4,23,24,32,26
1505,4,6,5,26,22,35,22
1506,4,6,6,40,25,25,38
1507,4,6,7,36,37,35,29
1508,4,6,8,25,22,34,28
1509,4,6,9,30,24,34,26
1510,4,6,10,35,21,33,23
1511,4,6,11,20,34,23,23
1512,4,6,12,23,25,31,25
1513,4,7,1,26,29,22,21
1514,4,7,2,21,27,24,20
1515,4,7,3,22,25,30,27
1516,4,7,4,31,34,34,30
1517,4,7,5,33,36,30,37
1518,4,7,6,38,39,33,30
1519,4,7,7,32,36,30,38
1520,4,7,8,43,32,39,33
1521,4,7,9,30,45,34,46
1522,4,7,10,49,49,46,43
1523,4,7,11,45,42,46,44
1524,4,7,12,47,44,44,46
1525,4,8,1,49,36,36,47
1526,4,8,2,42,38,50,50
1527,4,8,3,35,50,40,40
1528,4,8,4,36,45,44,48
1529,4,8,5,43,38,41,45
1530,4,8,6,36,43,42,41
1531,4,8,7,38,41,38,35
1532,4,8,8,59,53,60,47
1533,4,8,9,45,56,56,58
1534,4,8,10,50,45,59,57
1535,4,8,11,47,46,51,45
1536,4,8,12,58,58,47,45
1537,4,9,1,42,42,48,42
1538,4,9,2,55,41,43,41
1539,4,9,3,54,48,48,55
1540,4,9,4,53,45,51,45
1541,4,9,5,53,57,47,45
1542,4,9,6,55,45,51,47
1543,4,9,7,59,57,55,52
1544,4,9,8,53,53,60,51
1545,4,9,9,62,65,65,64
1546,4,9,10,61,62,58,59
1547,4,9,11,60,60,65,65
1548,4,9,12,62,64,65,62
1549,4,10,1,57,58,58,50
1550,4,10,2,57,54,59,58
1551,4,10,3,50,54,64,64
1552,4,10,4,70,60,73,72
1553,4,10,5,65,62,68,55
1554,4,10,6,62,59,70,57
1555,4,10,7,63,66,56,67
1556,4,10,8,63,56,66,57
1557,4,10,9,56,64,63,63
1558,4,10,10,66,67,63,66
1559,4,10,11,68,65,55,65
1560,4,10,12,69,67,69,67
1561,4,11,1,66,69,67,64
1562,4,11,2,63,64,62,64
1563,4,11,3,68,66,68,65
1564,4,11,4,67,67,67,68
1565,4,11,5,71,64,65,61
1566,4,11,6,72,60,62,63
1567,4,11,7,78,73,72,78
1568,4,11,8,78,80,75,76
1569,4,11,9,75,83,86,89
1570,4,11,10,82,88,87,88
1571,4,11,11,83,79,88,87
1572,4,11,12,85,79,78,87
1573,4,12,1,77,90,86,82
1574,4,12,2,75,85,88,82
1575,4,12,3,78,88,80,78
1576,4,12,4,78,76,76,83
1577,4,12,5,82,83,84,90
1578,4,12,6,90,88,89,84
1579,4,12,7,90,88,81,82
1580,4,12,8,89,83,85,83
1581,4,12,9,81,84,80,88
1582,4,12,10,82,89,81,86
1583,4,12,11,85,90,85,83
1584,4,12,12,80,89,85,83
1585,5,1,1,7,7,6,10
1586,5,1,2,12,20,18,16
1587,5,1,3,20,14,18,19
1588,5,1,4,23,18,16,20
1589,5,1,5,30,27,27,26
1590,5,1,6,25,24,24,23
1591,5,1,7,33,35,35,33
1592,5,1,8,33,33,26,31
1593,5,1,9,36,37,39,30
1594,5,1,10,37,42,35,38
1595,5,1,11,40,44,35,45
1596,5,1,12,41,35,37,40
1597,5,2,1,39,48,40,42
1598,5,2,2,54,44,45,51
1599,5,2,3,54,53,53,51
1600,5,2,4,42,35,38,55
1601,5,2,5,43,50,42,45
1602,5,2,6,45,54,53,37
1603,5,2,7,53,41,46,36
1604,5,2,8,38,43,40,47
1605,5,2,9,53,41,38,43
1606,5,2,10,47,45,45,54
1607,5,2,11,37,46,54,53
1608,5,2,12,43,42,42,45
1609,5,3,1,40,52,37,32
1610,5,3,2,34,38,37,54
1611,5,3,3,40,35,49,36
1612,5,3,4,31,45,34,32
1613,5,3,5,35,34,33,40
1614,5,3,6,46,52,49,30
1615,5,3,7,33,53,51,35
1616,5,3,8,51,34,50,41
1617,5,3,9,38,40,54,30
1618,5,3,10,33,32,48,43
1619,5,3,11,44,49,40,43
1620,5,3,12,39,54,30,30
1621,5,4,1,40,45,40,44
1622,5,4,2,39,36,45,35
1623,5,4,3,39,45,45,37
1624,5,4,4,38,42,35,41
1625,5,4,5,38,39,35,35
1626,5,4,6,45,37,38,39
1627,5,4,7,38,40,36,43
1628,5,4,8,36,44,44,43
1629,5,4,9,44,37,44,40
1630,5,4,10,41,40,41,38
1631,5,4,11,41,37,36,41
1632,5,4,12,40,42,37,41
1633,5,5,1,33,37,33,39
1634,5,5,2,37,37,27,37
1635,5,5,3,40,35,28,30
1636,5,5,4,36,32,39,39
1637,5,5,5,31,34,33,38
1638,5,5,6,31,35,33,27
1639,5,5,7,34,28,32,28
1640,5,5,8,35,38,34,28
1641,5,5,9,27,28,28,37
1642,5,5,10,40,35,39,28
1643,5,5,11,34,30,28,33
1644,5,5,12,28,38,34,36
1645,5,6,1,25,30,26,25
1646,5,6,2,29,28,27,27
1647,5,6,3,25,26,26,30
1648,5,6,4,23,33,34,29
1649,5,6,5,24,35,20,32
1650,5,6,6,28,20,26,21
1651,5,6,7,20,24,40,26
1652,5,6,8,33,24,21,29
1653,5,6,9,25,27,21,29
1654,5,6,10,26,21,35,30
1655,5,6,11,30,23,25,24
1656,5,6,12,21,23,29,30
1657,5,7,1,20,29,28,21
1658,5,7,2,22,22,24,21
1659,5,7,3,35,23,33,35
1660,5,7,4,21,22,25,28
1661,5,7,5,20,36,26,39
1662,5,7,6,36,34,30,36
1663,5,7,7,36,33,33,34
1664,5,7,8,39,45,44,36
1665,5,7,9,43,50,30,44
1666,5,7,10,46,40,43,44
1667,5,7,11,41,48,43,47
1668,5,7,12,49,40,43,41
1669,5,8,1,47,45,47,45
1670,5,8,2,41,35,35,35
1671,5,8,3,49,44,49,35
1672,5,8,4,37,39,48,42
1673,5,8,5,39,36,39,38
1674,5,8,6,36,38,35,41
1675,5,8,7,40,38,36,41
1676,5,8,8,51,46,56,58
1677,5,8,9,50,46,46,55
1678,5,8,10,53,60,49,49
1679,5,8,11,57,55,54,52
1680,5,8,12,52,47,45,57
1681,5,9,1,46,50,44,47
1682,5,9,2,51,44,54,50
1683,5,9,3,52,52,46,53
1684,5,9,4,52,50,53,53
1685,5,9,5,57,58,57,57
1686,5,9,6,51,53,53,46
1687,5,9,7,55,50,57,53
1688,5,9,8,50,53,57,59
1689,5,9,9,55,62,64,58
1690,5,9,10,57,59,58,64
1691,5,9,11,61,60,60,65
1692,5,9,12,65,64,61,61
1693,5,10,1,52,60,51,55
1694,5,10,2,53,54,54,55
1695,5,10,3,63,61,56,62
1696,5,10,4,69,64,65,74
1697,5,10,5,68,60,59,57
1698,5,10,6,68,55,64,62
1699,5,10,7,59,62,68,66
1700,5,10,8,59,56,58,61
1701,5,10,9,67,58,55,60
1702,5,10,10,58,65,66,59
1703,5,10,11,64,55,62,59
1704,5,10,12,70,58,62,70
1705,5,11,1,70,70,64,66
1706,5,11,2,65,68,65,64
1707,5,11,3,60,66,71,63
1708,5,11,4,64,71,75,61
1709,5,11,5,71,63,66,67
1710,5,11,6,67,70,68,67
1711,5,11,7,76,79,71,75
1712,5,11,8,71,80,75,70
1713,5,11,9,89,89,83,86
1714,5,11,10,89,80,90,85
1715,5,11,11,86,79,90,76
1716,5,11,12,85,83,90,79
1717,5,12,1,81,83,85,77
1718,5,12,2,83,86,77,88
1719,5,12,3,82,87,90,79
1720,5,12,4,88,90,80,78
1721,5,12,5,79,79,78,90
1722,5,12,6,85,84,87,83
1723,5,12,7,85,81,88,88
1724,5,12,8,81,80,82,87
1725,5,12,9,86,90,90,89
1726,5,12,10,81,87,89,85
1727,5,12,11,87,82,82,87
1728,5,12,12,80,88,86,87
1729,6,1,1,11,12,7,7
1730,6,1,2,10,10,18,20
1731,6,1,3,15,16,19,18
1732,6,1,4,16,15,19,19
1733,6,1,5,29,24,30,20
1734,6,1,6,23,28,30,26
1735,6,1,7,30,32,28,34
1736,6,1,8,35,27,26,28
1737,6,1,9,37,36,40,34
1738,6,1,10,37,42,45,41
1739,6,1,11,41,35,42,45
1740,6,1,12,49,42,40,40
1741,6,2,1,41,49,40,45
1742,6,2,2,41,52,44,54
1743,6,2,3,51,51,55,54
1744,6,2,4,38,39,46,37
1745,6,2,5,36,45,45,46
1746,6,2,6,36,47,47,40
1747,6,2,7,36,41,42,51
1748,6,2,8,50,41,36,36
1749,6,2,9,35,40,38,55
1750,6,2,10,48,53,45,47
1751,6,2,11,35,42,49,55
1752,6,2,12,46,46,47,49
1753,6,3,1,37,30,53,43
1754,6,3,2,33,43,54,33
1755,6,3,3,48,48,39,42
1756,6,3,4,33,53,36,42
1757,6,3,5,35,30,48,50
1758,6,3,6,51,30,33,41
1759,6,3,7,30,50,49,43
1760,6,3,8,33,40,39,30
1761,6,3,9,50,30,46,53
1762,6,3,10,41,36,41,51
1763,6,3,11,42,36,44,52
1764,6,3,12,40,39,47,40
1765,6,4,1,41,41,37,39
1766,6,4,2,35,38,35,36
1767,6,4,3,36,44,37,44
1768,6,4,4,45,37,38,36
1769,6,4,5,40,45,42,40
1770,6,4,6,42,38,39,40
1771,6,4,7,43,37,41,42
1772,6,4,8,43,35,37,45
1773,6,4,9,45,43,40,35
1774,6,4,10,36,42,44,37
1775,6,4,11,38,39,35,41
1776,6,4,12,45,38,41,36
1777,6,5,1,38,38,29,39
1778,6,5,2,34,36,29,29
1779,6,5,3,31,37,34,39
1780,6,5,4,31,32,36,32
1781,6,5,5,38,40,33,27
1782,6,5,6,27,36,34,40
1783,6,5,7,31,34,38,40
1784,6,5,8,36,30,35,32
1785,6,5,9,35,34,36,27
1786,6,5,10,39,30,38,30
1787,6,5,11,38,33,31,37
1788,6,5,12,29,34,39,32
1789,6,6,1,25,27,30,28
1790,6,6,2,28,30,29,27
1791,6,6,3,28,29,26,29
1792,6,6,4,30,21,33,28
1793,6,6,5,30,30,25,29
1794,6,6,6,39,37,40,39
1795,6,6,7,36,37,23,39
1796,6,6,8,35,21,29,27
1797,6,6,9,32,31,32,25
1798,6,6,10,23,25,25,35
1799,6,6,11,24,23,24,28
1800,6,6,12,33,26,29,34
1801,6,7,1,28,27,22,29
1802,6,7,2,20,20,21,25
1803,6,7,3,30,24,20,26
1804,6,7,4,24,29,30,28
1805,6,7,5,33,34,31,22
1806,6,7,6,38,37,38,40
1807,6,7,7,37,35,36,31
1808,6,7,8,35,44,44,46
1809,6,7,9,40,33,36,45
1810,6,7,10,50,48,47,44
1811,6,7,11,45,42,49,42
1812,6,7,12,47,41,50,40
1813,6,8,1,41,48,45,42
1814,6,8,2,37,45,39,45
1815,6,8,3,44,44,50,46
1816,6,8,4,50,42,38,44
1817,6,8,5,45,42,41,43
1818,6,8,6,45,41,35,44
1819,6,8,7,45,42,36,45
1820,6,8,8,54,50,45,57
1821,6,8,9,50,48,56,47
1822,6,8,10,54,45,47,56
1823,6,8,11,46,56,60,57
1824,6,8,12,58,58,59,57
1825,6,9,1,40,40,40,46
1826,6,9,2,40,47,42,41
1827,6,9,3,52,45,55,51
1828,6,9,4,45,55,49,49
1829,6,9,5,53,49,46,45
1830,6,9,6,53,53,46,58
1831,6,9,7,51,58,51,53
1832,6,9,8,59,59,59,60
1833,6,9,9,55,57,65,65
1834,6,9,10,55,55,58,58
1835,6,9,11,63,60,61,64
1836,6,9,12,65,62,65,62
1837,6,10,1,51,54,58,60
1838,6,10,2,56,50,50,56
1839,6,10,3,63,59,54,61
1840,6,10,4,65,68,70,64
1841,6,10,5,58,70,63,64
1842,6,10,6,58,55,55,57
1843,6,10,7,67,69,62,56
1844,6,10,8,69,68,55,63
1845,6,10,9,69,61,70,58
1846,6,10,10,70,61,56,61
1847,6,10,11,56,67,59,59
1848,6,10,12,58,57,67,70
1849,6,11,1,66,70,66,64
1850,6,11,2,68,70,70,67
1851,6,11,3,73,66,68,72
1852,6,11,4,67,63,64,68
1853,6,11,5,73,66,70,66
1854,6,11,6,72,72,62,64
1855,6,11,7,80,74,74,76
1856,6,11,8,70,77,72,74
1857,6,11,9,84,75,83,80
1858,6,11,10,88,83,84,88
1859,6,11,11,90,79,90,83
1860,6,11,12,86,84,78,76
1861,6,12,1,86,88,90,77
1862,6,12,2,75,82,75,77
1863,6,12,3,83,87,78,82
1864,6,12,4,78,76,77,87
1865,6,12,5,77,81,83,84
1866,6,12,6,89,82,88,82
1867,6,12,7,85,87,86,88
1868,6,12,8,80,86,88,83
1869,6,12,9,87,86,85,85
1870,6,12,10,87,85,84,83
1871,6,12,11,88,86,80,80
1872,6,12,12,88,90,85,80
1873,7,1,1,6,6,13,5
1874,7,1,2,11,16,17,13
1875,7,1,3,15,13,14,11
1876,7,1,4,15,18,17,19
1877,7,1,5,30,28,23,28
1878,7,1,6,29,29,20,21
1879,7,1,7,26,28,29,26
1880,7,1,8,32,35,34,29
1881,7,1,9,30,32,32,30
1882,7,1,10,36,36,40,45
1883,7,1,11,41,37,36,45
1884,7,1,12,38,49,36,47
1885,7,2,1,46,35,42,40
1886,7,2,2,48,50,43,54
1887,7,2,3,50,53,54,50
1888,7,2,4,46,54,43,55
1889,7,2,5,54,42,43,40
1890,7,2,6,49,42,53,50
1891,7,2,7,43,55,44,36
1892,7,2,8,54,39,40,45
1893,7,2,9,55,50,41,54
1894,7,2,10,45,36,37,54
1895,7,2,11,39,54,45,42
1896,7,2,12,39,43,50,45
1897,7,3,1,49,50,48,35
1898,7,3,2,43,54,48,43
1899,7,3,3,51,51,55,47
1900,7,3,4,39,34,35,30
1901,7,3,5,43,42,31,46
1902,7,3,6,37,40,53,49
1903,7,3,7,31,35,43,34
1904,7,3,8,53,51,54,52
1905,7,3,9,54,52,45,31
1906,7,3,10,41,35,35,45
1907,7,3,11,32,30,34,37
1908,7,3,12,45,43,38,55
1909,7,4,1,39,39,40,35
1910,7,4,2,41,44,43,39
1911,7,4,3,37,45,45,42
1912,7,4,4,43,36,38,39
1913,7,4,5,40,37,45,44
1914,7,4,6,35,37,42,42
1915,7,4,7,37,45,38,37
1916,7,4,8,35,42,37,42
1917,7,4,9,36,35,42,38
1918,7,4,10,44,36,36,39
1919,7,4,11,43,41,44,36
1920,7,4,12,42,43,43,35
1921,7,5,1,27,37,28,36
1922,7,5,2,33,37,40,36
1923,7,5,3,38,36,35,37
1924,7,5,4,36,34,34,35
1925,7,5,5,35,35,35,39
1926,7,5,6,27,39,32,34
1927,7,5,7,28,30,28,39
1928,7,5,8,27,38,33,27
1929,7,5,9,34,29,34,31
1930,7,5,10,38,30,30,31
1931,7,5,11,34,30,27,35
1932,7,5,12,33,35,40,34
1933,7,6,1,28,29,30,29
1934,7,6,2,25,28,28,26
1935,7,6,3,28,26,30,28
1936,7,6,4,22,21,33,35
1937,7,6,5,33,29,20,33
1938,7,6,6,28,32,20,33
1939,7,6,7,30,35,37,26
1940,7,6,8,30,23,28,20
1941,7,6,9,25,31,30,29
1942,7,6,10,24,28,32,29
1943,7,6,11,30,27,26,24
1944,7,6,12,30,34,30,25
1945,7,7,1,26,21,23,29
1946,7,7,2,24,30,21,24
1947,7,7,3,26,31,29,29
1948,7,7,4,22,26,20,22
1949,7,7,5,27,23,32,28
1950,7,7,6,31,37,34,32
1951,7,7,7,34,38,36,30
1952,7,7,8,42,35,38,50
1953,7,7,9,35,40,39,46
1954,7,7,10,46,41,45,48
1955,7,7,11,50,42,47,41
1956,7,7,12,47,40,41,43
1957,7,8,1,49,36,44,49
1958,7,8,2,39,45,50,46
1959,7,8,3,37,43,50,36
1960,7,8,4,45,37,47,48
1961,7,8,5,45,39,35,43
1962,7,8,6,38,41,44,39
1963,7,8,7,42,39,45,42
1964,7,8,8,45,58,57,50
1965,7,8,9,58,59,48,49
1966,7,8,10,46,50,58,60
1967,7,8,11,57,55,47,53
1968,7,8,12,56,46,57,48
1969,7,9,1,40,43,47,45
1970,7,9,2,49,51,45,51
1971,7,9,3,49,51,48,45
1972,7,9,4,46,49,52,54
1973,7,9,5,51,53,57,49
1974,7,9,6,56,49,49,50
1975,7,9,7,57,60,52,59
1976,7,9,8,58,59,56,58
1977,7,9,9,65,63,55,61
1978,7,9,10,61,58,57,64
1979,7,9,11,65,64,61,63
1980,7,9,12,60,61,61,61
1981,7,10,1,60,52,55,53
1982,7,10,2,57,57,58,55
1983,7,10,3,64,50,58,50
1984,7,10,4,62,73,70,71
1985,7,10,5,56,67,59,57
1986,7,10,6,57,59,68,68
1987,7,10,7,59,65,70,59
1988,7,10,8,62,64,66,56
1989,7,10,9,56,65,60,56
1990,7,10,10,62,55,58,58
1991,7,10,11,55,64,56,60
1992,7,10,12,58,57,68,60
1993,7,11,1,66,65,70,61
1994,7,11,2,70,70,60,70
1995,7,11,3,61,71,75,73
1996,7,11,4,75,63,69,62
1997,7,11,5,66,60,64,69
1998,7,11,6,67,73,66,65
1999,7,11,7,71,75,74,71
2000,7,11,8,73,72,73,71
2001,7,11,9,84,86,89,83
2002,7,11,10,78,77,87,88
2003,7,11,11,76,84,79,84
2004,7,11,12,78,77,89,83
2005,7,12,1,75,81,87,79
2006,7,12,2,75,84,77,90
2007,7,12,3,79,78,78,84
2008,7,12,4,77,88,86,78
2009,7,12,5,83,77,88,86
2010,7,12,6,81,80,82,81
2011,7,12,7,83,80,82,84
2012,7,12,8,84,84,87,90
2013,7,12,9,86,82,83,84
2014,7,12,10,88,84,81,85
2015,7,12,11,87,88,89,86
2016,7,12,12,89,89,89,87
2017,1,1,1,11,11,5,7
2018,1,1,2,11,20,14,17
2019,1,1,3,15,12,17,13
2020,1,1,4,21,19,20,16
2021,1,1,5,28,23,26,28
2022,1,1,6,26,28,27,20
2023,1,1,7,33,25,29,29
2024,1,1,8,27,30,32,31
2025,1,1,9,36,37,40,40
2026,1,1,10,36,43,43,42
2027,1,1,11,36,35,44,35
2028,1,1,12,43,49,49,37
2029,1,2,1,47,36,47,35
2030,1,2,2,44,55,42,53
2031,1,2,3,55,55,55,52
2032,1,2,4,55,54,38,53
2033,1,2,5,40,45,36,49
2034,1,2,6,49,44,50,52
2035,1,2,7,38,50,46,35
2036,1,2,8,35,45,55,46
2037,1,2,9,55,46,54,49
2038,1,2,10,47,43,51,43
2039,1,2,11,51,53,36,53
2040,1,2,12,36,40,46,54
2041,1,3,1,48,42,49,34
2042,1,3,2,46,30,50,36
2043,1,3,3,33,36,34,32
2044,1,3,4,51,46,49,45
2045,1,3,5,41,54,41,36
2046,1,3,6,34,35,53,49
2047,1,3,7,54,33,46,38
2048,1,3,8,48,52,46,32
2049,1,3,9,33,40,51,54
2050,1,3,10,50,33,31,53
2051,1,3,11,51,34,44,35
2052,1,3,12,52,34,39,47
2053,1,4,1,35,42,43,39
2054,1,4,2,36,40,37,39
2055,1,4,3,36,38,44,40
2056,1,4,4,38,42,45,42
2057,1,4,5,40,36,40,37
2058,1,4,6,38,45,41,41
2059,1,4,7,44,44,35,36
2060,1,4,8,44,35,37,45
2061,1,4,9,38,36,41,35
2062,1,4,10,38,41,43,41
2063,1,4,11,41,39,37,38
2064,1,4,12,35,38,45,38
2065,1,5,1,32,28,36,37
2066,1,5,2,34,36,29,38
2067,1,5,3,30,38,33,31
2068,1,5,4,38,31,39,40
2069,1,5,5,39,35,32,35
2070,1,5,6,33,37,27,28
2071,1,5,7,38,28,35,35
2072,1,5,8,30,31,35,30
2073,1,5,9,29,40,39,38
2074,1,5,10,38,37,34,28
2075,1,5,11,30,30,29,35
2076,1,5,12,38,27,34,32
2077,1,6,1,28,27,27,26
2078,1,6,2,28,29,28,29
2079,1,6,3,28,27,27,30
2080,1,6,4,29,26,29,26
2081,1,6,5,25,33,28,24
2082,1,6,6,22,29,37,21
2083,1,6,7,35,24,32,26
2084,1,6,8,21,25,23,26
2085,1,6,9,28,22,35,34
2086,1,6,10,21,22,28,28
2087,1,6,11,23,20,26,33
2088,1,6,12,32,30,26,29
2089,1,7,1,20,24,25,24
2090,1,7,2,26,26,29,29
2091,1,7,3,28,23,33,26
2092,1,7,4,33,34,26,27
2093,1,7,5,30,23,36,31
2094,1,7,6,38,40,31,31
2095,1,7,7,38,30,38,40
2096,1,7,8,35,33,41,32
2097,1,7,9,37,49,43,37
2098,1,7,10,47,43,50,43
2099,1,7,11,41,42,47,47
2100,1,7,12,50,40,43,46
2101,1,8,1,41,39,38,46
2102,1,8,2,35,48,43,42
2103,1,8,3,43,50,36,38
2104,1,8,4,38,49,44,37
2105,1,8,5,41,39,45,41
2106,1,8,6,43,43,43,41
2107,1,8,7,41,42,35,36
2108,1,8,8,53,47,53,56
2109,1,8,9,46,54,60,59
2110,1,8,10,46,53,47,56
2111,1,8,11,54,50,52,46
2112,1,8,12,46,47,52,58
2113,1,9,1,45,40,44,50
2114,1,9,2,54,53,50,55
2115,1,9,3,55,46,50,49
2116,1,9,4,50,49,53,54
2117,1,9,5,54,53,54,47
2118,1,9,6,52,45,51,55
2119,1,9,7,54,51,51,60
2120,1,9,8,53,52,56,58
2121,1,9,9,61,58,64,59
2122,1,9,10,63,59,61,61
2123,1,9,11,64,63,60,65
2124,1,9,12,65,61,62,65
2125,1,10,1,51,51,50,52
2126,1,10,2,55,57,55,57
2127,1,10,3,52,65,57,57
2128,1,10,4,60,68,65,63
2129,1,10,5,55,64,62,56
2130,1,10,6,60,59,64,69
2131,1,10,7,61,65,65,61
2132,1,10,8,65,68,63,65
2133,1,10,9,67,63,66,65
2134,1,10,10,70,62,58,58
2135,1,10,11,68,56,63,57
2136,1,10,12,70,60,61,70
2137,1,11,1,65,63,70,61
2138,1,11,2,68,70,68,63
2139,1,11,3,65,70,71,73
2140,1,11,4,64,66,60,66
2141,1,11,5,61,63,72,62
2142,1,11,6,61,67,72,60
2143,1,11,7,74,74,72,77
2144,1,11,8,80,77,77,73
2145,1,11,9,85,88,75,90
2146,1,11,10,78,84,76,87
2147,1,11,11,75,77,76,80
2148,1,11,12,81,86,76,76
2149,1,12,1,78,89,82,89
2150,1,12,2,77,77,87,86
2151,1,12,3,89,78,82,86
2152,1,12,4,86,85,84,85
2153,1,12,5,76,83,83,90
2154,1,12,6,85,86,88,87
2155,1,12,7,88,88,82,82
2156,1,12,8,87,81,81,89
2157,1,12,9,85,86,90,86
2158,1,12,10,83,82,89,85
2159,1,12,11,83,89,82,81
2160,1,12,12,81,84,86,80
2161,2,1,1,6,11,10,7
2162,2,1,2,17,20,19,19
2163,2,1,3,17,12,12,11
2164,2,1,4,25,15,17,17
2165,2,1,5,21,29,21,20
2166,2,1,6,30,22,29,28
2167,2,1,7,26,31,26,31
2168,2,1,8,28,29,25,26
2169,2,1,9,34,32,38,39
2170,2,1,10,40,37,43,35
2171,2,1,11,38,42,45,41
2172,2,1,12,47,49,42,46
2173,2,2,1,35,50,45,44
2174,2,2,2,44,48,41,51
2175,2,2,3,50,55,51,52
2176,2,2,4,50,35,43,49
2177,2,2,5,46,47,52,50
2178,2,2,6,36,41,47,41
2179,2,2,7,35,47,46,36
2180,2,2,8,52,49,45,48
2181,2,2,9,43,37,54,40
2182,2,2,10,54,38,43,39
2183,2,2,11,46,37,53,45
2184,2,2,12,38,41,38,36
2185,2,3,1,33,30,46,53
2186,2,3,2,31,40,51,52
2187,2,3,3,46,42,48,38
2188,2,3,4,36,55,34,53
2189,2,3,5,37,50,55,55
2190,2,3,6,40,47,49,43
2191,2,3,7,54,34,38,41
2192,2,3,8,37,54,30,32
2193,2,3,9,30,53,30,43
2194,2,3,10,32,55,53,43
2195,2,3,11,48,52,49,38
2196,2,3,12,41,38,40,49
2197,2,4,1,43,45,40,43
2198,2,4,2,35,41,36,43
2199,2,4,3,44,38,37,36
2200,2,4,4,39,35,37,41
2201,2,4,5,41,38,39,45
2202,2,4,6,39,37,38,39
2203,2,4,7,36,42,43,43
2204,2,4,8,36,38,40,44
2205,2,4,9,39,44,39,43
2206,2,4,10,45,45,40,44
2207,2,4,11,45,40,36,45
2208,2,4,12,42,37,36,43
2209,2,5,1,33,29,39,33
2210,2,5,2,27,38,27,28
2211,2,5,3,33,40,27,38
2212,2,5,4,36,38,40,30
2213,2,5,5,37,30,33,27
2214,2,5,6,39,39,38,36
2215,2,5,7,39,36,28,30
2216,2,5,8,29,38,39,35
2217,2,5,9,30,35,35,28
2218,2,5,10,38,37,35,31
2219,2,5,11,32,38,39,37
2220,2,5,12,35,31,40,40
2221,2,6,1,30,29,29,29
2222,2,6,2,25,25,27,25
2223,2,6,3,26,28,29,25
2224,2,6,4,26,23,32,23
2225,2,6,5,28,27,29,35
2226,2,6,6,33,31,23,25
2227,2,6,7,25,22,24,24
2228,2,6,8,32,32,24,24
2229,2,6,9,21,32,27,21
2230,2,6,10,29,25,26,21
2231,2,6,11,30,27,26,23
2232,2,6,12,26,21,31,35
2233,2,7,1,21,30,22,21
2234,2,7,2,20,25,20,20
2235,2,7,3,30,24,24,25
2236,2,7,4,31,33,32,26
2237,2,7,5,35,26,22,28
2238,2,7,6,36,38,35,32
2239,2,7,7,36,33,33,34
2240,2,7,8,31,40,50,50
2241,2,7,9,32,36,46,38
2242,2,7,10,49,49,44,41
2243,2,7,11,47,48,47,44
2244,2,7,12,41,41,43,45
2245,2,8,1,44,43,35,45
2246,2,8,2,49,44,43,44
2247,2,8,3,47,36,35,48
2248,2,8,4,47,47,39,37
2249,2,8,5,38,44,37,36
2250,2,8,6,35,39,43,39
2251,2,8,7,39,44,37,36
2252,2,8,8,56,49,59,49
2253,2,8,9,46,59,55,60
2254,2,8,10,60,59,52,58
2255,2,8,11,51,57,54,52
2256,2,8,12,49,55,49,57
2257,2,9,1,46,43,50,43
2258,2,9,2,48,54,40,41
2259,2,9,3,52,54,45,51
2260,2,9,4,47,49,52,51
2261,2,9,5,51,46,54,49
2262,2,9,6,58,60,52,51
2263,2,9,7,55,56,50,57
2264,2,9,8,59,59,60,54
2265,2,9,9,61,63,57,57
2266,2,9,10,58,57,55,63
2267,2,9,11,60,62,62,63
2268,2,9,12,63,65,62,60
2269,2,10,1,50,53,53,59
2270,2,10,2,52,56,52,59
2271,2,10,3,57,58,61,64
2272,2,10,4,63,75,71,75
2273,2,10,5,67,59,55,68
2274,2,10,6,62,60,60,64
2275,2,10,7,67,59,69,67
2276,2,10,8,58,63,60,70
2277,2,10,9,66,55,56,58
2278,2,10,10,64,66,62,58
2279,2,10,11,60,63,60,58
2280,2,10,12,60,65,65,62
2281,2,11,1,60,69,70,63
2282,2,11,2,61,70,63,63
2283,2,11,3,67,62,60,71
2284,2,11,4,72,73,68,61
2285,2,11,5,62,64,71,74
2286,2,11,6,61,64,75,66
2287,2,11,7,77,71,75,74
2288,2,11,8,77,72,74,72
2289,2,11,9,87,83,79,88
2290,2,11,10,75,86,83,78
2291,2,11,11,78,80,87,84
2292,2,11,12,82,83,86,78
2293,2,12,1,89,81,89,84
2294,2,12,2,83,81,81,85
2295,2,12,3,85,79,76,79
2296,2,12,4,88,90,77,82
2297,2,12,5,83,88,79,82
2298,2,12,6,82,80,88,86
2299,2,12,7,88,80,82,88
2300,2,12,8,88,83,85,84
2301,2,12,9,89,84,82,83
2302,2,12,10,82,86,87,85
2303,2,12,11,84,80,85,83
2304,2,12,12,88,81,82,81
2305,3,1,1,8,6,11,12
2306,3,1,2,14,11,12,10
2307,3,1,3,15,13,13,13
2308,3,1,4,15,19,20,20
2309,3,1,5,30,20,29,21
2310,3,1,6,27,25,22,30
2311,3,1,7,34,28,30,35
2312,3,1,8,26,30,28,28
2313,3,1,9,34,37,40,36
2314,3,1,10,37,40,37,35
2315,3,1,11,38,41,35,40
2316,3,1,12,49,35,35,39
2317,3,2,1,41,41,44,42
2318,3,2,2,51,46,41,55
2319,3,2,3,51,54,55,53
2320,3,2,4,39,38,35,43
2321,3,2,5,49,42,50,40
2322,3,2,6,41,52,37,53
2323,3,2,7,43,55,44,55
2324,3,2,8,38,38,36,51
2325,3,2,9,50,35,43,51
2326,3,2,10,54,48,39,54
2327,3,2,11,55,49,54,46
2328,3,2,12,47,48,43,45
2329,3,3,1,34,45,41,34
2330,3,3,2,46,40,49,53
2331,3,3,3,33,30,37,43
2332,3,3,4,34,39,41,38
2333,3,3,5,51,49,52,53
2334,3,3,6,46,47,34,36
2335,3,3,7,36,30,39,52
2336,3,3,8,30,43,34,52
2337,3,3,9,50,51,40,35
2338,3,3,10,50,55,41,30
2339,3,3,11,39,36,42,36
2340,3,3,12,37,35,46,53
2341,3,4,1,36,41,39,38
2342,3,4,2,35,45,43,36
2343,3,4,3,36,41,41,38
2344,3,4,4,42,35,37,44
2345,3,4,5,36,41,41,42
2346,3,4,6,40,45,44,35
2347,3,4,7,36,36,40,36
2348,3,4,8,40,41,35,41
2349,3,4,9,42,35,36,40
2350,3,4,10,40,35,40,44
2351,3,4,11,42,36,42,43
2352,3,4,12,43,38,42,35
2353,3,5,1,29,37,33,27
2354,3,5,2,34,39,31,29
2355,3,5,3,28,30,28,33
2356,3,5,4,39,27,38,27
2357,3,5,5,38,31,37,38
2358,3,5,6,31,31,39,31
2359,3,5,7,35,27,32,29
2360,3,5,8,33,28,38,37
2361,3,5,9,37,36,39,33
2362,3,5,10,35,37,28,39
2363,3,5,11,31,32,37,40
2364,3,5,12,28,35,32,39
2365,3,6,1,27,25,27,26
2366,3,6,2,29,29,29,27
2367,3,6,3,30,25,28,29
2368,3,6,4,30,22,22,30
2369,3,6,5,23,26,21,35
2370,3,6,6,35,36,40,34
2371,3,6,7,40,26,23,23
2372,3,6,8,27,27,25,21
2373,3,6,9,25,30,35,22
2374,3,6,10,24,32,25,33
2375,3,6,11,29,33,27,30
2376,3,6,12,21,20,29,27
2377,3,7,1,30,29,23,25
2378,3,7,2,26,29,28,23
2379,3,7,3,31,31,31,27
2380,3,7,4,34,24,33,26
2381,3,7,5,31,24,39,26
2382,3,7,6,30,38,37,37
2383,3,7,7,35,36,32,39
2384,3,7,8,45,36,46,39
2385,3,7,9,38,34,48,34
2386,3,7,10,46,46,49,49
2387,3,7,11,50,46,47,50
2388,3,7,12,40,48,44,40
2389,3,8,1,48,50,44,37
2390,3,8,2,42,42,39,43
2391,3,8,3,40,50,42,49
2392,3,8,4,40,40,41,36
2393,3,8,5,40,40,44,42
2394,3,8,6,41,36,45,45
2395,3,8,7,39,40,43,43
2396,3,8,8,52,55,54,48
2397,3,8,9,46,49,50,48
2398,3,8,10,56,50,52,53
2399,3,8,11,54,49,56,53
2400,3,8,12,55,60,50,53
2401,3,9,1,45,49,42,41
2402,3,9,2,53,41,44,42
2403,3,9,3,46,48,51,46
2404,3,9,4,52,51,54,53
2405,3,9,5,55,52,54,56
2406,3,9,6,60,50,45,45
2407,3,9,7,52,54,50,50
2408,3,9,8,59,51,57,54
2409,3,9,9,58,56,60,57
2410,3,9,10,58,61,60,61
2411,3,9,11,64,65,64,63
2412,3,9,12,62,60,61,65
2413,3,10,1,53,51,51,58
2414,3,10,2,54,51,54,58
2415,3,10,3,51,65,58,58
2416,3,10,4,68,63,70,71
2417,3,10,5,69,56,66,66
2418,3,10,6,59,64,70,57
2419,3,10,7,58,60,59,69
2420,3,10,8,60,62,65,66
2421,3,10,9,68,55,65,61
2422,3,10,10,63,58,64,70
2423,3,10,11,62,62,55,60
2424,3,10,12,60,57,61,65
2425,3,11,1,62,69,67,64
2426,3,11,2,65,61,64,68
2427,3,11,3,63,60,70,72
2428,3,11,4,75,67,74,63
2429,3,11,5,72,75,75,62
2430,3,11,6,65,63,65,60
2431,3,11,7,80,77,80,77
2432,3,11,8,77,74,77,79
2433,3,11,9,77,86,79,89
2434,3,11,10,86,90,87,82
2435,3,11,11,90,87,81,87
2436,3,11,12,82,85,89,83
2437,3,12,1,89,90,75,75
2438,3,12,2,88,87,90,84
2439,3,12,3,89,76,89,76
2440,3,12,4,87,90,84,76
2441,3,12,5,87,75,81,75
2442,3,12,6,82,85,81,85
2443,3,12,7,87,88,90,81
2444,3,12,8,90,88,90,81
2445,3,12,9,81,90,83,85
2446,3,12,10,84,89,81,87
2447,3,12,11,85,81,81,87
2448,3,12,12,86,90,89,87
2449,4,1,1,12,8,7,13
2450,4,1,2,13,15,14,12
2451,4,1,3,16,16,20,19
2452,4,1,4,25,18,19,17
2453,4,1,5,24,27,30,25
2454,4,1,6,28,29,21,24
2455,4,1,7,27,28,26,29
2456,4,1,8,28,28,30,26
2457,4,1,9,37,31,31,31
2458,4,1,10,39,36,36,42
2459,4,1,11,36,38,41,38
2460,4,1,12,43,48,46,45
2461,4,2,1,47,38,41,48
2462,4,2,2,44,41,50,46
2463,4,2,3,52,52,55,52
2464,4,2,4,50,40,45,51
2465,4,2,5,46,40,51,47
2466,4,2,6,41,39,40,42
2467,4,2,7,49,36,45,35
2468,4,2,8,49,46,35,43
2469,4,2,9,54,54,47,52
2470,4,2,10,37,51,52,39
2471,4,2,11,52,52,48,49
2472,4,2,12,55,51,38,43
2473,4,3,1,43,47,38,43
2474,4,3,2,36,39,50,44
2475,4,3,3,39,38,30,38
2476,4,3,4,35,33,50,34
2477,4,3,5,49,31,50,33
2478,4,3,6,34,51,52,31
2479,4,3,7,55,52,41,36
2480,4,3,8,52,48,41,54
2481,4,3,9,30,50,39,42
2482,4,3,10,48,46,33,30
2483,4,3,11,42,45,54,33
2484,4,3,12,43,42,40,30
2485,4,4,1,45,36,37,39
2486,4,4,2,38,44,44,35
2487,4,4,3,45,38,38,36
2488,4,4,4,40,43,35,42
2489,4,4,5,44,37,38,44
2490,4,4,6,42,36,41,42
2491,4,4,7,43,38,37,45
2492,4,4,8,36,35,38,36
2493,4,4,9,39,45,39,38
2494,4,4,10,43,41,41,39
2495,4,4,11,43,45,37,41
2496,4,4,12,45,37,40,43
2497,4,5,1,32,33,39,36
2498,4,5,2,29,29,33,38
2499,4,5,3,28,38,33,37
2500,4,5,4,33,29,39,38
2501,4,5,5,30,27,30,33
2502,4,5,6,32,37,31,35
2503,4,5,7,37,39,39,38
2504,4,5,8,40,38,33,35
2505,4,5,9,37,38,31,39
2506,4,5,10,40,29,29,40
2507,4,5,11,35,38,27,38
2508,4,5,12,29,29,28,30
2509,4,6,1,26,30,29,29
2510,4,6,2,28,27,29,27
2511,4,6,3,30,26,30,25
2512,4,6,4,34,33,32,27
2513,4,6,5,21,34,32,21
2514,4,6,6,30,39,29,21
2515,4,6,7,37,25,22,37
2516,4,6,8,31,22,29,25
2517,4,6,9,34,24,32,20
2518,4,6,10,26,27,35,23
2519,4,6,11,25,23,28,30
2520,4,6,12,22,20,32,24
2521,4,7,1,20,25,24,20
2522,4,7,2,24,29,21,29
2523,4,7,3,27,33,31,29
2524,4,7,4,35,21,28,25
2525,4,7,5,36,37,35,28
2526,4,7,6,30,37,30,37
2527,4,7,7,32,35,35,30
2528,4,7,8,50,44,38,44
2529,4,7,9,30,33,40,43
2530,4,7,10,49,45,46,44
2531,4,7,11,49,47,43,47
2532,4,7,12,40,45,42,46
2533,4,8,1,50,45,49,37
2534,4,8,2,41,41,47,42
2535,4,8,3,49,35,50,42
2536,4,8,4,40,39,37,47
2537,4,8,5,43,36,36,38
2538,4,8,6,39,45,37,40
2539,4,8,7,43,40,45,40
2540,4,8,8,51,53,59,46
2541,4,8,9,54,58,56,57
2542,4,8,10,55,53,56,47
2543,4,8,11,57,47,52,55
2544,4,8,12,59,49,46,57
2545,4,9,1,49,50,40,42
2546,4,9,2,50,52,50,43
2547,4,9,3,49,55,49,46
2548,4,9,4,54,46,47,49
2549,4,9,5,58,53,56,45
2550,4,9,6,54,52,54,59
2551,4,9,7,57,56,53,52
2552,4,9,8,51,53,51,58
2553,4,9,9,59,62,65,60
2554,4,9,10,61,56,57,63
2555,4,9,11,61,60,60,64
2556,4,9,12,61,60,62,62
2557,4,10,1,59,52,57,57
2558,4,10,2,60,57,52,51
2559,4,10,3,50,62,53,56
2560,4,10,4,73,63,70,75
2561,4,10,5,66,62,63,61
2562,4,10,6,66,69,66,66
2563,4,10,7,69,68,68,70
2564,4,10,8,56,64,55,70
2565,4,10,9,59,59,67,68
2566,4,10,10,62,61,70,62
2567,4,10,11,69,63,70,55
2568,4,10,12,65,55,57,59
2569,4,11,1,67,70,62,63
2570,4,11,2,64,63,61,67
2571,4,11,3,75,70,74,74
2572,4,11,4,68,66,61,67
2573,4,11,5,60,62,73,68
2574,4,11,6,68,69,68,73
2575,4,11,7,77,76,75,80
2576,4,11,8,74,80,75,71
2577,4,11,9,85,88,81,89
2578,4,11,10,83,79,81,84
2579,4,11,11,90,82,90,86
2580,4,11,12,83,87,75,76
2581,4,12,1,75,84,75,90
2582,4,12,2,83,89,89,85
2583,4,12,3,90,84,80,76
2584,4,12,4,84,79,87,86
2585,4,12,5,79,88,77,77
2586,4,12,6,85,80,90,85
2587,4,12,7,83,88,87,86
2588,4,12,8,80,86,90,88
2589,4,12,9,90,80,81,80
2590,4,12,10,85,86,85,80
2591,4,12,11,81,88,86,90
2592,4,12,12,85,85,87,83
2593,5,1,1,15,5,13,8
2594,5,1,2,11,10,13,11
2595,5,1,3,16,10,14,16
2596,5,1,4,25,16,20,16
2597,5,1,5,24,20,25,25
2598,5,1,6,28,22,29,21
2599,5,1,7,34,25,33,35
2600,5,1,8,27,27,27,26
2601,5,1,9,30,35,34,30
2602,5,1,10,40,43,35,39
2603,5,1,11,39,43,37,35
2604,5,1,12,46,50,45,42
2605,5,2,1,45,42,47,48
2606,5,2,2,51,53,48,51
2607,5,2,3,50,52,51,51
2608,5,2,4,41,37,50,48
2609,5,2,5,50,53,51,52
2610,5,2,6,51,37,50,35
2611,5,2,7,42,39,45,52
2612,5,2,8,47,40,55,54
2613,5,2,9,38,40,51,39
2614,5,2,10,45,52,40,50
2615,5,2,11,43,38,38,51
2616,5,2,12,41,44,51,55
2617,5,3,1,48,44,41,38
2618,5,3,2,51,41,41,38
2619,5,3,3,54,32,38,53
2620,5,3,4,36,46,45,33
2621,5,3,5,44,47,37,30
2622,5,3,6,41,47,32,45
2623,5,3,7,30,47,37,35
2624,5,3,8,50,39,31,53
2625,5,3,9,35,43,44,30
2626,5,3,10,48,55,33,52
2627,5,3,11,41,43,55,50
2628,5,3,12,38,44,44,30
2629,5,4,1,37,45,36,40
2630,5,4,2,43,37,35,36
2631,5,4,3,39,37,36,43
2632,5,4,4,43,35,37,36
2633,5,4,5,37,35,39,35
2634,5,4,6,43,42,35,43
2635,5,4,7,35,43,41,36
2636,5,4,8,40,43,40,42
2637,5,4,9,42,39,36,45
2638,5,4,10,37,37,43,35
2639,5,4,11,38,38,36,43
2640,5,4,12,43,38,41,36
2641,5,5,1,36,31,28,38
2642,5,5,2,28,38,39,30
2643,5,5,3,33,40,39,29
2644,5,5,4,28,38,28,33
2645,5,5,5,29,27,29,34
2646,5,5,6,29,38,36,37
2647,5,5,7,35,27,29,28
2648,5,5,8,27,38,33,35
2649,5,5,9,28,36,34,40
2650,5,5,10,36,28,33,33
2651,5,5,11,28,35,35,29
2652,5,5,12,31,40,40,29
2653,5,6,1,30,25,28,30
2654,5,6,2,25,29,29,28
2655,5,6,3,25,25,27,28
2656,5,6,4,29,26,25,33
2657,5,6,5,27,31,21,33
2658,5,6,6,35,38,35,36
2659,5,6,7,35,39,38,21
2660,5,6,8,34,20,33,30
2661,5,6,9,21,32,29,23
2662,5,6,10,29,34,30,25
2663,5,6,11,35,32,32,25
2664,5,6,12,30,27,21,21
2665,5,7,1,29,29,27,26
2666,5,7,2,21,20,26,21
2667,5,7,3,21,35,26,24
2668,5,7,4,33,24,26,28
2669,5,7,5,37,29,33,23
2670,5,7,6,35,35,40,35
2671,5,7,7,36,31,34,40
2672,5,7,8,38,31,32,43
2673,5,7,9,32,42,35,37
2674,5,7,10,46,47,44,41
2675,5,7,11,41,50,40,49
2676,5,7,12,42,46,41,42
2677,5,8,1,37,41,39,40
2678,5,8,2,37,38,44,45
2679,5,8,3,44,38,44,41
2680,5,8,4,48,42,49,43
2681,5,8,5,44,41,37,43
2682,5,8,6,35,41,43,41
2683,5,8,7,41,40,38,37
2684,5,8,8,45,52,56,48
2685,5,8,9,58,49,47,59
2686,5,8,10,55,54,57,46
2687,5,8,11,54,49,47,53
2688,5,8,12,48,60,53,47
2689,5,9,1,47,44,44,40
2690,5,9,2,46,55,53,43
2691,5,9,3,52,52,51,46
2692,5,9,4,50,53,49,47
2693,5,9,5,47,59,59,60
2694,5,9,6,45,48,48,56
2695,5,9,7,51,58,55,51
2696,5,9,8,59,50,51,57
2697,5,9,9,62,64,64,65
2698,5,9,10,58,56,64,63
2699,5,9,11,64,64,63,62
2700,5,9,12,64,65,61,62
2701,5,10,1,57,50,56,55
2702,5,10,2,53,55,60,55
2703,5,10,3,58,59,65,50
2704,5,10,4,64,61,62,72
2705,5,10,5,55,63,69,56
2706,5,10,6,62,61,66,63
2707,5,10,7,69,69,59,59
2708,5,10,8,69,67,62,65
2709,5,10,9,65,55,58,58
2710,5,10,10,62,65,60,67
2711,5,10,11,70,64,57,61
2712,5,10,12,67,60,68,60
2713,5,11,1,60,70,66,68
2714,5,11,2,64,64,70,63
2715,5,11,3,71,69,75,72
2716,5,11,4,60,69,68,66
2717,5,11,5,72,69,73,68
2718,5,11,6,67,66,62,69
2719,5,11,7,76,76,77,74
2720,5,11,8,71,72,70,70
2721,5,11,9,77,88,75,76
2722,5,11,10,75,87,82,86
2723,5,11,11,83,88,82,79
2724,5,11,12,77,82,79,85
2725,5,12,1,89,83,75,81
2726,5,12,2,78,81,76,87
2727,5,12,3,89,88,85,88
2728,5,12,4,82,87,78,79
2729,5,12,5,83,78,89,81
2730,5,12,6,87,88,80,88
2731,5,12,7,89,84,89,87
2732,5,12,8,87,81,86,86
2733,5,12,9,88,81,84,84
2734,5,12,10,82,90,90,89
2735,5,12,11,81,82,85,86
2736,5,12,12,87,86,84,87
2737,6,1,1,14,11,8,11
2738,6,1,2,14,16,15,20
2739,6,1,3,18,17,16,11
2740,6,1,4,19,20,19,19
2741,6,1,5,21,30,25,25
2742,6,1,6,27,22,22,30
2743,6,1,7,29,31,27,32
2744,6,1,8,27,27,26,35
2745,6,1,9,30,32,39,38
2746,6,1,10,44,38,37,44
2747,6,1,11,37,44,42,38
2748,6,1,12,47,38,42,39
2749,6,2,1,35,37,38,36
2750,6,2,2,47,46,41,43
2751,6,2,3,55,55,51,54
2752,6,2,4,46,43,49,35
2753,6,2,5,36,42,55,40
2754,6,2,6,46,35,47,43
2755,6,2,7,43,42,47,39
2756,6,2,8,49,47,42,53
2757,6,2,9,35,46,37,39
2758,6,2,10,40,50,38,55
2759,6,2,11,37,40,42,35
2760,6,2,12,54,54,42,40
2761,6,3,1,37,43,41,43
2762,6,3,2,50,43,51,32
2763,6,3,3,50,43,30,30
2764,6,3,4,53,41,37,34
2765,6,3,5,54,47,54,35
2766,6,3,6,32,52,54,39
2767,6,3,7,35,34,35,48
2768,6,3,8,41,49,34,34
2769,6,3,9,47,53,50,33
2770,6,3,10,43,44,35,37
2771,6,3,11,31,44,45,39
2772,6,3,12,32,40,55,37
2773,6,4,1,38,39,43,41
2774,6,4,2,35,44,45,37
2775,6,4,3,44,41,40,35
2776,6,4,4,40,43,36,37
2777,6,4,5,36,36,38,36
2778,6,4,6,40,41,40,42
2779,6,4,7,38,35,38,45
2780,6,4,8,35,41,39,36
2781,6,4,9,37,36,42,43
2782,6,4,10,43,38,38,39
2783,6,4,11,41,44,36,41
2784,6,4,12,45,40,36,35
2785,6,5,1,38,38,38,30
2786,6,5,2,29,32,27,32
2787,6,5,3,34,27,32,40
2788,6,5,4,32,38,29,28
2789,6,5,5,35,28,38,37
2790,6,5,6,34,39,36,34
2791,6,5,7,34,35,31,32
2792,6,5,8,40,33,30,29
2793,6,5,9,31,34,34,40
2794,6,5,10,31,31,32,32
2795,6,5,11,31,33,36,33
2796,6,5,12,35,27,28,27
2797,6,6,1,28,25,29,25
2798,6,6,2,25,28,29,27
2799,6,6,3,28,27,30,27
2800,6,6,4,33,21,24,27
2801,6,6,5,25,29,25,32
2802,6,6,6,26,36,40,36
2803,6,6,7,21,24,26,32
2804,6,6,8,30,31,25,22
2805,6,6,9,31,31,29,28
2806,6,6,10,27,20,28,29
2807,6,6,11,31,22,33,32
2808,6,6,12,25,31,21,28
2809,6,7,1,21,23,29,27
2810,6,7,2,25,26,21,26
2811,6,7,3,28,26,23,32
2812,6,7,4,33,22,29,30
2813,6,7,5,40,24,33,40
2814,6,7,6,38,32,36,38
2815,6,7,7,32,33,32,36
2816,6,7,8,30,47,30,36
2817,6,7,9,46,46,46,32
2818,6,7,10,49,44,50,43
2819,6,7,11,46,49,45,50
2820,6,7,12,40,49,50,44
2821,6,8,1,37,48,50,38
2822,6,8,2,36,49,35,48
2823,6,8,3,50,41,41,37
2824,6,8,4,48,39,36,48
2825,6,8,5,42,43,43,43
2826,6,8,6,38,41,41,41
2827,6,8,7,41,42,35,35
2828,6,8,8,49,60,53,50
2829,6,8,9,48,54,52,50
2830,6,8,10,53,56,60,49
2831,6,8,11,55,59,50,55
2832,6,8,12,46,45,53,45
2833,6,9,1,48,44,41,47
2834,6,9,2,52,54,54,46
2835,6,9,3,52,50,51,50
2836,6,9,4,50,46,54,46
2837,6,9,5,52,45,57,53
2838,6,9,6,53,51,46,53
2839,6,9,7,54,54,56,53
2840,6,9,8,53,52,54,54
2841,6,9,9,60,55,58,64
2842,6,9,10,62,57,61,62
2843,6,9,11,60,62,65,65
2844,6,9,12,65,64,65,60
2845,6,10,1,59,59,55,53
2846,6,10,2,55,55,50,57
2847,6,10,3,57,60,63,65
2848,6,10,4,73,64,63,71
2849,6,10,5,67,69,63,68
2850,6,10,6,69,68,59,58
2851,6,10,7,69,69,56,60
2852,6,10,8,67,56,67,58
2853,6,10,9,60,62,61,61
2854,6,10,10,61,62,66,55
2855,6,10,11,61,66,69,62
2856,6,10,12,64,65,62,65
2857,6,11,1,66,60,62,62
2858,6,11,2,68,68,63,67
2859,6,11,3,69,68,66,60
2860,6,11,4,61,72,60,61
2861,6,11,5,62,63,71,65
2862,6,11,6,71,69,61,74
2863,6,11,7,73,72,75,76
2864,6,11,8,79,76,70,71
2865,6,11,9,90,88,88,84
2866,6,11,10,78,81,85,77
2867,6,11,11,89,76,89,75
2868,6,11,12,77,90,90,82
2869,6,12,1,81,78,75,77
2870,6,12,2,87,85,77,84
2871,6,12,3,83,86,79,78
2872,6,12,4,84,90,89,81
2873,6,12,5,79,75,88,88
2874,6,12,6,85,87,82,90
2875,6,12,7,83,85,90,81
2876,6,12,8,86,85,84,89
2877,6,12,9,81,88,81,87
2878,6,12,10,90,87,85,80
2879,6,12,11,86,84,81,85
2880,6,12,12,88,82,80,88
2881,7,1,1,13,11,12,15
2882,7,1,2,12,19,16,14
2883,7,1,3,16,18,12,20
2884,7,1,4,17,17,19,15
2885,7,1,5,25,26,24,28
2886,7,1,6,27,29,25,27
2887,7,1,7,29,34,27,25
2888,7,1,8,34,31,32,33
2889,7,1,9,39,34,34,36
2890,7,1,10,40,40,36,43
2891,7,1,11,43,39,41,44
2892,7,1,12,47,38,40,47
2893,7,2,1,37,40,50,48
2894,7,2,2,55,44,41,54
2895,7,2,3,53,51,53,50
2896,7,2,4,35,48,36,52
2897,7,2,5,45,55,42,40
2898,7,2,6,36,41,41,54
2899,7,2,7,52,43,40,52
2900,7,2,8,39,49,45,51
2901,7,2,9,47,53,43,49
2902,7,2,10,47,35,54,38
2903,7,2,11,47,36,37,48
2904,7,2,12,36,48,45,36
2905,7,3,1,32,38,45,42
2906,7,3,2,48,32,52,51
2907,7,3,3,44,44,50,42
2908,7,3,4,39,38,32,45
2909,7,3,5,41,30,50,31
2910,7,3,6,42,40,30,45
2911,7,3,7,49,40,54,53
2912,7,3,8,55,45,46,32
2913,7,3,9,35,50,49,40
2914,7,3,10,44,46,42,47
2915,7,3,11,40,35,37,43
2916,7,3,12,33,33,47,45
2917,7,4,1,44,40,45,44
2918,7,4,2,39,41,35,40
2919,7,4,3,44,44,43,41
2920,7,4,4,44,44,37,37
2921,7,4,5,39,35,41,37
2922,7,4,6,39,37,45,38
2923,7,4,7,37,37,38,35
2924,7,4,8,39,45,39,41
2925,7,4,9,45,41,42,43
2926,7,4,10,45,43,45,36
2927,7,4,11,39,42,35,36
2928,7,4,12,36,44,42,41
2929,7,5,1,27,33,37,35
2930,7,5,2,29,36,28,36
2931,7,5,3,37,34,38,27
2932,7,5,4,35,36,28,40
2933,7,5,5,27,33,33,39
2934,7,5,6,38,30,27,27
2935,7,5,7,29,29,28,38
2936,7,5,8,31,32,27,39
2937,7,5,9,37,30,34,40
2938,7,5,10,39,37,38,40
2939,7,5,11,40,36,36,28
2940,7,5,12,30,27,35,27
2941,7,6,1,27,25,30,29
2942,7,6,2,25,26,30,28
2943,7,6,3,27,26,29,28
2944,7,6,4,20,21,24,21
2945,7,6,5,27,26,22,35
2946,7,6,6,33,23,25,26
2947,7,6,7,34,27,39,36
2948,7,6,8,30,22,22,22
2949,7,6,9,30,21,33,24
2950,7,6,10,28,24,32,27
2951,7,6,11,35,33,30,33
2952,7,6,12,23,25,27,30
2953,7,7,1,29,21,28,26
2954,7,7,2,24,23,27,23
2955,7,7,3,26,28,28,30
2956,7,7,4,29,32,24,30
2957,7,7,5,20,23,27,24
2958,7,7,6,33,30,30,37
2959,7,7,7,39,31,40,36
2960,7,7,8,35,45,36,46
2961,7,7,9,41,43,35,37
2962,7,7,10,48,46,44,44
2963,7,7,11,47,45,48,44
2964,7,7,12,49,46,43,45
2965,7,8,1,45,39,50,42
2966,7,8,2,41,49,36,39
2967,7,8,3,49,47,44,41
2968,7,8,4,47,46,36,43
2969,7,8,5,39,37,37,43
2970,7,8,6,43,43,39,41
2971,7,8,7,43,41,42,42
2972,7,8,8,60,55,60,54
2973,7,8,9,56,60,50,48
2974,7,8,10,48,58,53,51
2975,7,8,11,49,46,56,48
2976,7,8,12,50,51,47,46
2977,7,9,1,46,47,44,50
2978,7,9,2,52,55,54,48
2979,7,9,3,54,53,47,48
2980,7,9,4,45,52,48,55
2981,7,9,5,53,49,59,47
2982,7,9,6,51,53,52,49
2983,7,9,7,54,59,52,56
2984,7,9,8,56,57,50,51
2985,7,9,9,62,59,57,57
2986,7,9,10,63,65,64,63
2987,7,9,11,60,62,63,61
2988,7,9,12,61,61,63,60
2989,7,10,1,59,50,50,57
2990,7,10,2,57,51,53,50
2991,7,10,3,59,58,60,57
2992,7,10,4,71,67,65,68
2993,7,10,5,65,57,60,69
2994,7,10,6,69,56,57,60
2995,7,10,7,59,58,66,63
2996,7,10,8,58,70,56,70
2997,7,10,9,67,56,56,57
2998,7,10,10,66,62,55,66
2999,7,10,11,60,65,60,62
3000,7,10,12,58,67,62,56
3001,7,11,1,68,60,65,64
3002,7,11,2,67,67,67,67
3003,7,11,3,74,75,71,63
3004,7,11,4,62,68,69,70
3005,7,11,5,66,71,62,65
3006,7,11,6,68,69,60,66
3007,7,11,7,78,74,76,78
3008,7,11,8,72,78,74,70
3009,7,11,9,89,81,85,76
3010,7,11,10,81,77,83,82
3011,7,11,11,75,87,82,86
3012,7,11,12,75,79,86,77
3013,7,12,1,80,79,77,75
3014,7,12,2,83,75,75,82
3015,7,12,3,88,85,79,85
3016,7,12,4,79,77,86,89
3017,7,12,5,90,89,78,77
3018,7,12,6,83,86,85,81
3019,7,12,7,84,87,82,87
3020,7,12,8,80,81,84,85
3021,7,12,9,88,82,80,90
3022,7,12,10,80,80,81,84
3023,7,12,11,80,90,87,90
3024,7,12,12,85,83,80,87
3025,1,1,1,9,7,10,11
3026,1,1,2,16,18,19,12
3027,1,1,3,20,13,10,18
3028,1,1,4,25,15,18,16
3029,1,1,5,22,21,26,27
3030,1,1,6,27,21,24,25
3031,1,1,7,29,34,28,30
3032,1,1,8,29,35,31,28
3033,1,1,9,35,31,40,31
3034,1,1,10,39,36,35,36
3035,1,1,11,38,40,37,43
3036,1,1,12,40,39,46,42
3037,1,2,1,47,43,36,45
3038,1,2,2,46,49,51,46
3039,1,2,3,53,55,55,50
3040,1,2,4,43,47,54,44
3041,1,2,5,37,35,38,41
3042,1,2,6,54,54,49,49
3043,1,2,7,43,52,36,50
3044,1,2,8,52,43,36,42
3045,1,2,9,42,42,49,49
3046,1,2,10,42,44,52,46
3047,1,2,11,36,40,42,53
3048,1,2,12,50,49,55,47
3049,1,3,1,53,43,35,50
3050,1,3,2,43,36,46,31
3051,1,3,3,55,34,47,34
3052,1,3,4,30,33,43,34
3053,1,3,5,32,50,37,39
3054,1,3,6,50,40,45,34
3055,1,3,7,49,53,36,38
3056,1,3,8,51,43,33,35
3057,1,3,9,42,38,42,49
3058,1,3,10,55,37,37,51
3059,1,3,11,36,51,42,30
3060,1,3,12,55,46,34,49
3061,1,4,1,35,37,41,44
3062,1,4,2,42,40,40,45
3063,1,4,3,37,43,36,36
3064,1,4,4,39,37,44,37
3065,1,4,5,42,44,42,38
3066,1,4,6,39,40,42,35
3067,1,4,7,40,42,37,41
3068,1,4,8,35,42,40,43
3069,1,4,9,39,37,43,39
3070,1,4,10,44,36,44,42
3071,1,4,11,42,36,40,43
3072,1,4,12,38,35,40,45
3073,1,5,1,35,39,27,31
3074,1,5,2,40,29,27,40
3075,1,5,3,32,36,32,38
3076,1,5,4,30,29,31,40
3077,1,5,5,34,34,28,34
3078,1,5,6,40,34,29,36
3079,1,5,7,35,35,36,30
3080,1,5,8,28,39,32,35
3081,1,5,9,28,37,28,31
3082,1,5,10,39,32,38,38
3083,1,5,11,39,36,39,28
3084,1,5,12,39,27,39,35
3085,1,6,1,30,26,26,29
3086,1,6,2,25,30,27,30
3087,1,6,3,30,27,27,27
3088,1,6,4,30,24,25,31
3089,1,6,5,28,31,33,29
3090,1,6,6,20,31,32,31
3091,1,6,7,22,33,24,26
3092,1,6,8,28,31,33,28
3093,1,6,9,24,30,22,34
3094,1,6,10,25,26,25,22
3095,1,6,11,27,35,22,32
3096,1,6,12,24,26,27,27
3097,1,7,1,21,26,22,27
3098,1,7,2,21,26,23,21
3099,1,7,3,31,35,26,33
3100,1,7,4,28,21,23,23
3101,1,7,5,31,27,27,22
3102,1,7,6,33,30,35,31
3103,1,7,7,32,33,32,38
3104,1,7,8,44,42,42,41
3105,1,7,9,50,38,35,50
3106,1,7,10,44,49,46,46
3107,1,7,11,43,45,46,43
3108,1,7,12,49,47,41,42
3109,1,8,1,45,39,35,36
3110,1,8,2,36,44,48,42
3111,1,8,3,38,45,40,38
3112,1,8,4,43,50,37,44
3113,1,8,5,42,41,39,41
3114,1,8,6,39,43,41,43
3115,1,8,7,39,36,39,42
3116,1,8,8,48,60,60,60
3117,1,8,9,58,53,56,59
3118,1,8,10,53,58,54,60
3119,1,8,11,56,59,47,50
3120,1,8,12,58,52,60,48
3121,1,9,1,43,48,46,40
3122,1,9,2,42,49,53,42
3123,1,9,3,50,52,54,48
3124,1,9,4,48,48,50,55
3125,1,9,5,47,49,58,51
3126,1,9,6,49,55,47,48
3127,1,9,7,60,50,60,54
3128,1,9,8,52,60,54,53
3129,1,9,9,60,56,57,63
3130,1,9,10,55,59,56,63
3131,1,9,11,61,60,64,64
3132,1,9,12,63,61,65,60
3133,1,10,1,56,60,58,53
3134,1,10,2,50,50,54,55
3135,1,10,3,61,55,59,63
3136,1,10,4,71,70,69,60
3137,1,10,5,55,68,55,59
3138,1,10,6,70,70,57,67
3139,1,10,7,70,60,56,64
3140,1,10,8,56,58,59,57
3141,1,10,9,60,63,60,69
3142,1,10,10,59,65,55,62
3143,1,10,11,64,57,68,55
3144,1,10,12,66,60,64,55
3145,1,11,1,69,67,70,67
3146,1,11,2,61,66,66,67
3147,1,11,3,63,64,72,63
3148,1,11,4,68,61,63,64
3149,1,11,5,64,62,75,66
3150,1,11,6,62,64,73,71
3151,1,11,7,73,80,76,76
3152,1,11,8,74,74,72,77
3153,1,11,9,83,86,78,87
3154,1,11,10,79,89,77,75
3155,1,11,11,89,84,87,83
3156,1,11,12,78,82,75,86
3157,1,12,1,79,75,78,79
3158,1,12,2,75,89,78,82
3159,1,12,3,89,87,77,88
3160,1,12,4,82,77,83,78
3161,1,12,5,83,86,84,88
3162,1,12,6,84,87,87,90
3163,1,12,7,88,84,89,87
3164,1,12,8,82,83,80,89
3165,1,12,9,84,84,90,90
3166,1,12,10,86,87,82,88
3167,1,12,11,87,80,80,81
3168,1,12,12,85,87,81,85
3169,2,1,1,10,14,14,7
3170,2,1,2,11,17,12,12
3171,2,1,3,17,19,12,17
3172,2,1,4,15,17,18,17
3173,2,1,5,23,23,29,23
3174,2,1,6,21,30,28,21
3175,2,1,7,29,28,32,32
3176,2,1,8,31,27,25,31
3177,2,1,9,40,38,30,31
3178,2,1,10,40,42,40,39
3179,2,1,11,43,39,44,40
3180,2,1,12,50,46,45,45
3181,2,2,1,38,45,38,43
3182,2,2,2,42,43,54,45
3183,2,2,3,53,50,55,54
3184,2,2,4,39,42,43,39
3185,2,2,5,50,40,53,52
3186,2,2,6,53,46,44,35
3187,2,2,7,42,49,46,53
3188,2,2,8,39,38,52,35
3189,2,2,9,49,47,49,36
3190,2,2,10,42,50,47,35
3191,2,2,11,45,39,35,44
3192,2,2,12,45,40,37,44
3193,2,3,1,54,36,43,31
3194,2,3,2,53,48,49,42
3195,2,3,3,42,45,49,38
3196,2,3,4,48,52,48,49
3197,2,3,5,54,50,53,31
3198,2,3,6,39,46,34,50
3199,2,3,7,39,34,32,45
3200,2,3,8,37,44,39,50
3201,2,3,9,31,48,50,43
3202,2,3,10,30,51,32,40
3203,2,3,11,40,40,43,37
3204,2,3,12,48,38,48,36
3205,2,4,1,35,41,43,37
3206,2,4,2,45,39,39,35
3207,2,4,3,45,45,40,39
3208,2,4,4,42,39,38,45
3209,2,4,5,36,38,38,40
3210,2,4,6,41,37,35,37
3211,2,4,7,41,43,39,38
3212,2,4,8,37,37,43,35
3213,2,4,9,38,35,38,41
3214,2,4,10,36,43,43,43
3215,2,4,11,42,40,43,45
3216,2,4,12,36,37,41,35
3217,2,5,1,32,33,34,37
3218,2,5,2,30,28,37,27
3219,2,5,3,34,29,34,30
3220,2,5,4,33,27,28,34
3221,2,5,5,39,31,35,27
3222,2,5,6,35,29,30,38
3223,2,5,7,35,39,32,35
3224,2,5,8,40,32,33,34
3225,2,5,9,37,28,36,29
3226,2,5,10,27,32,38,37
3227,2,5,11,29,28,33,32
3228,2,5,12,40,37,40,31
3229,2,6,1,26,25,25,28
3230,2,6,2,26,25,28,30
3231,2,6,3,28,27,29,29
3232,2,6,4,22,21,34,31
3233,2,6,5,25,20,29,28
3234,2,6,6,23,35,30,30
3235,2,6,7,26,38,32,23
3236,2,6,8,34,28,27,20
3237,2,6,9,20,29,21,26
3238,2,6,10,30,20,35,26
3239,2,6,11,26,34,35,35
3240,2,6,12,33,23,20,31
3241,2,7,1,30,28,26,20
3242,2,7,2,23,28,26,22
3243,2,7,3,29,24,35,24
3244,2,7,4,24,25,32,32
3245,2,7,5,23,33,36,40
3246,2,7,6,33,30,32,31
3247,2,7,7,37,37,38,31
3248,2,7,8,30,42,45,49
3249,2,7,9,38,48,36,44
3250,2,7,10,50,45,41,46
3251,2,7,11,40,49,44,47
3252,2,7,12,45,48,42,48
3253,2,8,1,43,49,50,41
3254,2,8,2,49,43,43,49
3255,2,8,3,50,49,50,39
3256,2,8,4,40,49,35,47
3257,2,8,5,44,38,37,45
3258,2,8,6,37,36,36,35
3259,2,8,7,38,45,37,37
3260,2,8,8,57,52,59,54
3261,2,8,9,57,46,56,59
3262,2,8,10,54,59,51,53
3263,2,8,11,59,54,51,48
3264,2,8,12,54,45,48,58
3265,2,9,1,50,49,50,49
3266,2,9,2,40,50,52,50
3267,2,9,3,54,48,47,52
3268,2,9,4,51,51,53,50
3269,2,9,5,59,54,49,56
3270,2,9,6,45,57,52,59
3271,2,9,7,51,59,60,58
3272,2,9,8,56,60,54,52
3273,2,9,9,60,59,58,56
3274,2,9,10,58,57,62,65
3275,2,9,11,65,62,64,61
3276,2,9,12,60,62,64,62
3277,2,10,1,52,59,54,58
3278,2,10,2,51,51,50,56
3279,2,10,3,54,50,65,62
3280,2,10,4,75,70,74,60
3281,2,10,5,68,58,69,65
3282,2,10,6,62,57,55,62
3283,2,10,7,61,68,67,67
3284,2,10,8,56,65,55,57
3285,2,10,9,64,59,66,66
3286,2,10,10,65,62,67,63
3287,2,10,11,56,63,59,70
3288,2,10,12,63,56,62,60
3289,2,11,1,67,60,60,66
3290,2,11,2,61,63,61,68
3291,2,11,3,62,64,64,70
3292,2,11,4,66,73,67,74
3293,2,11,5,75,61,65,65
3294,2,11,6,63,64,72,69
3295,2,11,7,80,72,77,76
3296,2,11,8,78,80,72,76
3297,2,11,9,84,84,81,88
3298,2,11,10,80,80,82,89
3299,2,11,11,78,86,88,84
3300,2,11,12,76,79,75,87
3301,2,12,1,81,79,75,80
3302,2,12,2,84,79,75,86
3303,2,12,3,86,79,84,83
3304,2,12,4,84,85,82,85
3305,2,12,5,79,79,85,79
3306,2,12,6,84,80,80,90
3307,2,12,7,80,83,85,83
3308,2,12,8,89,80,84,83
3309,2,12,9,89,86,82,86
3310,2,12,10,87,87,87,86
3311,2,12,11,89,85,89,87
3312,2,12,12,88,89,84,87
3313,3,1,1,7,15,5,13
3314,3,1,2,15,18,14,15
3315,3,1,3,18,17,14,15
3316,3,1,4,25,16,19,16
3317,3,1,5,28,28,26,22
3318,3,1,6,27,22,25,28
3319,3,1,7,26,33,28,33
3320,3,1,8,31,34,30,29
3321,3,1,9,34,36,31,37
3322,3,1,10,37,42,35,39
3323,3,1,11,43,45,44,40
3324,3,1,12,40,37,38,42
3325,3,2,1,49,38,35,50
3326,3,2,2,54,47,43,54
3327,3,2,3,51,55,50,52
3328,3,2,4,35,35,51,47
3329,3,2,5,40,41,47,47
3330,3,2,6,37,42,39,44
3331,3,2,7,37,49,39,55
3332,3,2,8,47,51,39,48
3333,3,2,9,44,41,50,47
3334,3,2,10,42,46,38,52
3335,3,2,11,38,40,54,51
3336,3,2,12,54,41,38,47
3337,3,3,1,31,49,35,54
3338,3,3,2,42,46,42,54
3339,3,3,3,51,39,38,53
3340,3,3,4,42,38,46,51
3341,3,3,5,48,38,38,40
3342,3,3,6,33,47,48,52
3343,3,3,7,48,52,53,54
3344,3,3,8,43,50,45,51
3345,3,3,9,34,40,45,46
3346,3,3,10,42,39,47,30
3347,3,3,11,54,39,39,44
3348,3,3,12,31,55,44,41
3349,3,4,1,37,43,40,42
3350,3,4,2,44,37,37,40
3351,3,4,3,35,39,44,38
3352,3,4,4,36,42,44,37
3353,3,4,5,45,35,42,41
3354,3,4,6,44,44,43,37
3355,3,4,7,37,39,39,38
3356,3,4,8,44,41,44,39
3357,3,4,9,40,39,43,45
3358,3,4,10,35,40,44,39
3359,3,4,11,40,38,42,43
3360,3,4,12,45,40,39,35
3361,3,5,1,36,38,38,27
3362,3,5,2,39,35,36,38
3363,3,5,3,36,31,31,36
3364,3,5,4,31,36,37,35
3365,3,5,5,33,40,37,34
3366,3,5,6,29,28,34,28
3367,3,5,7,34,34,34,33
3368,3,5,8,28,32,39,32
3369,3,5,9,31,34,37,29
3370,3,5,10,37,35,39,40
3371,3,5,11,39,37,27,37
3372,3,5,12,39,30,37,40
3373,3,6,1,29,27,28,25
3374,3,6,2,28,30,29,25
3375,3,6,3,29,25,28,25
3376,3,6,4,35,22,32,34
3377,3,6,5,30,24,30,32
3378,3,6,6,40,40,37,39
3379,3,6,7,25,30,25,29
3380,3,6,8,22,35,28,27
3381,3,6,9,21,33,20,26
3382,3,6,10,26,24,34,20
3383,3,6,11,28,26,30,34
3384,3,6,12,33,20,34,21
3385,3,7,1,30,21,22,24
3386,3,7,2,28,20,23,28
3387,3,7,3,27,32,22,24
3388,3,7,4,30,20,24,28
3389,3,7,5,37,28,35,26
3390,3,7,6,40,35,30,34
3391,3,7,7,31,33,37,37
3392,3,7,8,42,30,34,31
3393,3,7,9,39,50,47,35
3394,3,7,10,43,46,48,49
3395,3,7,11,48,49,40,50
3396,3,7,12,44,40,42,43
3397,3,8,1,43,50,48,47
3398,3,8,2,44,39,43,45
3399,3,8,3,35,48,49,48
3400,3,8,4,45,49,35,45
3401,3,8,5,44,43,37,36
3402,3,8,6,42,35,41,40
3403,3,8,7,37,45,42,38
3404,3,8,8,45,58,50,54
3405,3,8,9,54,59,50,56
3406,3,8,10,46,45,47,54
3407,3,8,11,45,58,45,59
3408,3,8,12,49,45,49,45
3409,3,9,1,47,49,50,46
3410,3,9,2,48,52,55,51
3411,3,9,3,54,54,50,53
3412,3,9,4,45,47,49,54
3413,3,9,5,51,50,59,60
3414,3,9,6,56,54,58,57
3415,3,9,7,52,57,53,57
3416,3,9,8,60,50,58,53
3417,3,9,9,58,65,64,57
3418,3,9,10,62,60,61,59
3419,3,9,11,61,65,60,62
3420,3,9,12,64,63,64,62
3421,3,10,1,54,51,51,54
3422,3,10,2,55,52,51,50
3423,3,10,3,59,55,51,63
3424,3,10,4,70,65,66,66
3425,3,10,5,64,60,56,64
3426,3,10,6,69,67,59,61
3427,3,10,7,58,65,65,69
3428,3,10,8,68,61,69,60
3429,3,10,9,66,58,67,58
3430,3,10,10,67,66,58,57
3431,3,10,11,67,60,61,63
3432,3,10,12,70,57,69,68
3433,3,11,1,68,65,70,70
3434,3,11,2,60,67,68,70
3435,3,11,3,66,66,66,75
3436,3,11,4,73,75,75,75
3437,3,11,5,75,66,74,67
3438,3,11,6,65,65,63,63
3439,3,11,7,79,77,70,73
3440,3,11,8,77,75,76,80
3441,3,11,9,77,82,81,87
3442,3,11,10,79,84,75,75
3443,3,11,11,89,90,79,76
3444,3,11,12,88,86,89,85
3445,3,12,1,75,78,85,89
3446,3,12,2,79,75,82,83
3447,3,12,3,84,84,90,83
3448,3,12,4,86,81,85,87
3449,3,12,5,84,90,79,78
3450,3,12,6,86,82,87,82
3451,3,12,7,83,83,90,88
3452,3,12,8,83,83,82,86
3453,3,12,9,83,86,84,89
3454,3,12,10,83,89,90,82
3455,3,12,11,88,88,83,83
3456,3,12,12,82,81,86,83
3457,4,1,1,10,7,14,11
3458,4,1,2,12,13,10,11
3459,4,1,3,15,12,18,11
3460,4,1,4,18,19,18,16
3461,4,1,5,27,30,21,23
3462,4,1,6,25,21,24,25
3463,4,1,7,26,33,32,28
3464,4,1,8,34,26,34,29
3465,4,1,9,38,37,33,33
3466,4,1,10,37,36,38,38
3467,4,1,11,43,35,41,44
3468,4,1,12,44,45,39,35
3469,4,2,1,35,50,39,45
3470,4,2,2,47,44,46,50
3471,4,2,3,55,50,54,52
3472,4,2,4,43,51,53,49
3473,4,2,5,45,38,42,45
3474,4,2,6,50,39,51,35
3475,4,2,7,52,39,46,51
3476,4,2,8,39,47,49,41
3477,4,2,9,50,36,51,35
3478,4,2,10,50,52,45,41
3479,4,2,11,54,55,53,50
3480,4,2,12,44,40,35,47
3481,4,3,1,44,53,40,43
3482,4,3,2,44,38,49,31
3483,4,3,3,41,36,39,48
3484,4,3,4,38,35,47,46
3485,4,3,5,46,30,30,31
3486,4,3,6,31,55,47,32
3487,4,3,7,54,34,39,38
3488,4,3,8,43,53,52,49
3489,4,3,9,44,34,37,40
3490,4,3,10,34,49,37,34
3491,4,3,11,32,37,40,46
3492,4,3,12,52,55,39,35
3493,4,4,1,45,40,41,35
3494,4,4,2,44,35,37,36
3495,4,4,3,39,40,39,40
3496,4,4,4,38,44,44,41
3497,4,4,5,36,40,42,38
3498,4,4,6,35,38,41,43
3499,4,4,7,44,43,42,38
3500,4,4,8,38,35,45,35
3501,4,4,9,39,39,42,45
3502,4,4,10,39,42,42,44
3503,4,4,11,43,37,38,35
3504,4,4,12,39,35,45,42
3505,4,5,1,30,27,33,30
3506,4,5,2,27,30,32,39
3507,4,5,3,33,32,32,28
3508,4,5,4,30,27,34,32
3509,4,5,5,38,39,40,35
3510,4,5,6,30,39,32,35
3511,4,5,7,29,36,32,39
3512,4,5,8,33,40,36,32
3513,4,5,9,32,37,39,33
3514,4,5,10,30,40,33,37
3515,4,5,11,37,33,36,33
3516,4,5,12,33,36,28,30
3517,4,6,1,25,27,28,29
3518,4,6,2,26,29,25,26
3519,4,6,3,29,27,30,25
3520,4,6,4,35,25,31,31
3521,4,6,5,34,28,35,35
3522,4,6,6,39,31,27,22
3523,4,6,7,35,36,40,21
3524,4,6,8,24,33,22,22
3525,4,6,9,21,28,35,33
3526,4,6,10,20,31,24,35
3527,4,6,11,22,21,27,32
3528,4,6,12,33,33,23,27
3529,4,7,1,25,27,29,22
3530,4,7,2,28,20,20,30
3531,4,7,3,32,25,34,31
3532,4,7,4,32,27,23,35
3533,4,7,5,38,30,40,38
3534,4,7,6,30,33,32,30
3535,4,7,7,36,33,31,37
3536,4,7,8,36,40,35,49
3537,4,7,9,38,47,47,32
3538,4,7,10,48,47,40,40
3539,4,7,11,44,47,47,44
3540,4,7,12,42,50,41,49
3541,4,8,1,37,41,38,49
3542,4,8,2,38,35,39,50
3543,4,8,3,43,49,36,50
3544,4,8,4,39,39,48,48
3545,4,8,5,42,44,45,35
3546,4,8,6,39,35,38,39
3547,4,8,7,43,38,36,35
3548,4,8,8,50,50,51,45
3549,4,8,9,49,60,57,49
3550,4,8,10,55,53,57,54
3551,4,8,11,60,50,49,48
3552,4,8,12,58,59,46,57
3553,4,9,1,40,42,49,48
3554,4,9,2,55,48,45,52
3555,4,9,3,54,53,46,55
3556,4,9,4,46,50,53,48
3557,4,9,5,59,52,50,48
3558,4,9,6,57,47,46,52
3559,4,9,7,50,53,57,51
3560,4,9,8,54,57,58,59
3561,4,9,9,58,65,59,61
3562,4,9,10,65,65,63,65
3563,4,9,11,65,62,60,61
3564,4,9,12,61,62,61,65
3565,4,10,1,52,55,56,51
3566,4,10,2,51,54,59,53
3567,4,10,3,57,50,50,52
3568,4,10,4,65,67,67,68
3569,4,10,5,55,66,55,55
3570,4,10,6,70,56,63,65
3571,4,10,7,70,62,65,56
3572,4,10,8,58,58,56,70
3573,4,10,9,60,56,59,61
3574,4,10,10,65,65,63,70
3575,4,10,11,62,70,57,67
3576,4,10,12,70,58,68,64
3577,4,11,1,61,68,64,61
3578,4,11,2,65,60,67,60
3579,4,11,3,64,63,71,73
3580,4,11,4,61,75,75,69
3581,4,11,5,67,71,75,64
3582,4,11,6,74,70,68,61
3583,4,11,7,73,70,80,76
3584,4,11,8,75,74,77,79
3585,4,11,9,82,78,76,83
3586,4,11,10,84,87,78,77
3587,4,11,11,86,77,80,77
3588,4,11,12,89,85,79,80
3589,4,12,1,84,81,86,80
3590,4,12,2,78,83,78,81
3591,4,12,3,84,85,89,87
3592,4,12,4,88,76,87,83
3593,4,12,5,89,78,84,80
3594,4,12,6,88,83,81,90
3595,4,12,7,82,88,87,80
3596,4,12,8,81,87,84,81
3597,4,12,9,86,90,84,90
3598,4,12,10,81,85,85,80
3599,4,12,11,80,88,86,89
3600,4,12,12,87,82,81,89
3601,5,1,1,14,13,7,13
3602,5,1,2,16,11,10,15
3603,5,1,3,17,17,12,11
3604,5,1,4,25,16,20,19
3605,5,1,5,28,28,28,30
3606,5,1,6,21,23,24,24
3607,5,1,7,28,27,25,28
3608,5,1,8,35,34,25,27
3609,5,1,9,30,40,35,31
3610,5,1,10,42,37,41,39
3611,5,1,11,41,40,37,35
3612,5,1,12,44,46,47,43
3613,5,2,1,48,44,49,39
3614,5,2,2,54,51,53,42
3615,5,2,3,55,54,52,51
3616,5,2,4,42,50,36,53
3617,5,2,5,52,36,54,45
3618,5,2,6,47,42,48,51
3619,5,2,7,44,53,50,37
3620,5,2,8,54,46,44,38
3621,5,2,9,41,51,52,45
3622,5,2,10,55,43,54,46
3623,5,2,11,45,44,40,53
3624,5,2,12,49,39,42,43
3625,5,3,1,34,35,35,36
3626,5,3,2,38,44,41,30
3627,5,3,3,54,37,41,49
3628,5,3,4,55,35,45,38
3629,5,3,5,48,50,38,48
3630,5,3,6,37,54,30,43
3631,5,3,7,30,35,51,48
3632,5,3,8,46,45,54,49
3633,5,3,9,47,37,49,33
3634,5,3,10,49,48,43,52
3635,5,3,11,49,41,39,51
3636,5,3,12,32,48,46,46
3637,5,4,1,40,43,39,41
3638,5,4,2,35,37,41,38
3639,5,4,3,38,45,39,44
3640,5,4,4,43,41,42,45
3641,5,4,5,39,41,39,45
3642,5,4,6,36,41,38,41
3643,5,4,7,35,37,37,43
3644,5,4,8,42,40,40,41
3645,5,4,9,40,40,37,44
3646,5,4,10,40,45,36,36
3647,5,4,11,38,43,44,38
3648,5,4,12,41,45,39,40
3649,5,5,1,31,35,30,30
3650,5,5,2,40,32,32,32
3651,5,5,3,32,36,36,39
3652,5,5,4,29,38,32,39
3653,5,5,5,40,27,30,32
3654,5,5,6,30,29,32,32
3655,5,5,7,27,35,35,32
3656,5,5,8,32,34,39,35
3657,5,5,9,29,37,29,27
3658,5,5,10,39,30,38,34
3659,5,5,11,37,34,37,30
3660,5,5,12,29,28,28,28
3661,5,6,1,29,29,29,30
3662,5,6,2,26,26,27,29
3663,5,6,3,30,29,26,27
3664,5,6,4,20,32,24,24
3665,5,6,5,20,34,22,32
3666,5,6,6,35,29,33,28
3667,5,6,7,28,33,35,38
3668,5,6,8,35,26,26,28
3669,5,6,9,22,25,22,34
3670,5,6,10,21,23,34,24
3671,5,6,11,21,25,32,22
3672,5,6,12,24,31,24,28
3673,5,7,1,26,21,26,30
3674,5,7,2,26,22,27,23
3675,5,7,3,23,24,23,20
3676,5,7,4,34,27,34,20
3677,5,7,5,23,40,35,23
3678,5,7,6,33,37,36,38
3679,5,7,7,30,40,32,33
3680,5,7,8,42,49,44,36
3681,5,7,9,46,37,44,46
3682,5,7,10,44,46,46,50
3683,5,7,11,42,50,50,45
3684,5,7,12,46,47,50,46
3685,5,8,1,39,40,42,45
3686,5,8,2,38,41,44,36
3687,5,8,3,50,48,44,46
3688,5,8,4,48,45,45,35
3689,5,8,5,44,35,39,43
3690,5,8,6,44,43,39,35
3691,5,8,7,35,37,35,41
3692,5,8,8,46,53,48,50
3693,5,8,9,46,49,57,45
3694,5,8,10,48,45,50,59
3695,5,8,11,57,52,46,57
3696,5,8,12,58,60,46,54
3697,5,9,1,41,41,44,40
3698,5,9,2,40,40,54,49
3699,5,9,3,49,55,47,46
3700,5,9,4,49,55,53,54
3701,5,9,5,53,48,46,45
3702,5,9,6,57,60,56,58
3703,5,9,7,51,57,55,59
3704,5,9,8,57,51,59,50
3705,5,9,9,59,65,58,56
3706,5,9,10,60,55,64,61
3707,5,9,11,63,61,62,63
3708,5,9,12,61,64,61,65
3709,5,10,1,58,54,50,56
3710,5,10,2,54,56,57,59
3711,5,10,3,54,52,65,57
3712,5,10,4,74,68,62,66
3713,5,10,5,63,66,59,63
3714,5,10,6,63,62,61,56
3715,5,10,7,70,66,69,69
3716,5,10,8,69,70,66,61
3717,5,10,9,67,60,58,56
3718,5,10,10,58,58,56,60
3719,5,10,11,57,69,69,55
3720,5,10,12,68,62,65,64
3721,5,11,1,66,65,62,67
3722,5,11,2,65,69,67,68
3723,5,11,3,73,67,68,68
3724,5,11,4,62,70,72,73
3725,5,11,5,74,60,67,70
3726,5,11,6,67,63,69,65
3727,5,11,7,73,75,80,70
3728,5,11,8,70,70,79,77
3729,5,11,9,86,83,77,78
3730,5,11,10,77,79,75,76
3731,5,11,11,90,80,77,81
3732,5,11,12,83,87,78,88
3733,5,12,1,76,87,77,79
3734,5,12,2,88,84,81,80
3735,5,12,3,78,80,90,83
3736,5,12,4,77,76,86,90
3737,5,12,5,82,76,75,81
3738,5,12,6,84,88,80,84
3739,5,12,7,81,83,90,82
3740,5,12,8,89,87,81,81
3741,5,12,9,88,83,87,88
3742,5,12,10,81,81,85,89
3743,5,12,11,83,84,87,90
3744,5,12,12,84,88,81,83
3745,6,1,1,15,11,10,6
3746,6,1,2,19,11,16,13
3747,6,1,3,20,15,16,14
3748,6,1,4,24,18,19,20
3749,6,1,5,24,22,22,20
3750,6,1,6,23,22,29,26
3751,6,1,7,26,33,34,26
3752,6,1,8,29,27,30,28
3753,6,1,9,38,38,30,35
3754,6,1,10,45,45,41,40
3755,6,1,11,41,39,41,41
3756,6,1,12,41,48,48,40
3757,6,2,1,46,40,41,45
3758,6,2,2,42,43,46,40
3759,6,2,3,52,53,53,51
3760,6,2,4,50,54,49,36
3761,6,2,5,52,38,55,51
3762,6,2,6,55,36,53,43
3763,6,2,7,46,54,55,45
3764,6,2,8,45,47,45,45
3765,6,2,9,36,36,54,50
3766,6,2,10,44,43,53,44
3767,6,2,11,46,54,43,51
3768,6,2,12,49,37,49,52
3769,6,3,1,48,44,51,31
3770,6,3,2,39,44,32,43
3771,6,3,3,52,31,55,35
3772,6,3,4,38,37,48,54
3773,6,3,5,51,45,32,42
3774,6,3,6,55,40,40,36
3775,6,3,7,47,35,53,40
3776,6,3,8,39,38,37,38
3777,6,3,9,52,32,48,38
3778,6,3,10,36,49,46,36
3779,6,3,11,33,40,43,52
3780,6,3,12,48,53,34,33
3781,6,4,1,35,43,41,42
3782,6,4,2,42,36,38,37
3783,6,4,3,38,36,43,41
3784,6,4,4,36,44,40,38
3785,6,4,5,40,42,38,35
3786,6,4,6,41,41,36,35
3787,6,4,7,35,42,39,40
3788,6,4,8,41,39,37,39
3789,6,4,9,38,41,38,40
3790,6,4,10,38,35,37,39
3791,6,4,11,39,41,45,38
3792,6,4,12,43,37,45,36
3793,6,5,1,27,36,28,28
3794,6,5,2,32,30,33,31
3795,6,5,3,37,40,30,34
3796,6,5,4,28,27,39,30
3797,6,5,5,40,36,32,27
3798,6,5,6,31,40,32,27
3799,6,5,7,33,33,33,35
3800,6,5,8,40,31,39,28
3801,6,5,9,34,31,27,40
3802,6,5,10,33,39,38,32
3803,6,5,11,29,35,39,30
3804,6,5,12,30,36,28,28
3805,6,6,1,27,25,25,25
3806,6,6,2,25,26,27,26
3807,6,6,3,27,25,29,27
3808,6,6,4,24,21,35,24
3809,6,6,5,33,21,27,35
3810,6,6,6,28,36,22,33
3811,6,6,7,30,40,22,38
3812,6,6,8,24,23,24,28
3813,6,6,9,32,33,20,28
3814,6,6,10,35,35,31,22
3815,6,6,11,30,33,22,30
3816,6,6,12,31,35,24,23
3817,6,7,1,23,22,21,22
3818,6,7,2,23,30,27,20
3819,6,7,3,31,31,27,24
3820,6,7,4,26,24,34,27
3821,6,7,5,23,31,35,28
3822,6,7,6,31,37,30,36
3823,6,7,7,31,30,31,36
3824,6,7,8,39,47,35,47
3825,6,7,9,42,33,49,35
3826,6,7,10,43,47,50,49
3827,6,7,11,44,41,47,47
3828,6,7,12,41,44,49,41
3829,6,8,1,48,48,37,42
3830,6,8,2,49,45,49,46
3831,6,8,3,44,35,43,49
3832,6,8,4,43,49,44,48
3833,6,8,5,37,36,43,40
3834,6,8,6,35,35,41,39
3835,6,8,7,37,36,40,39
3836,6,8,8,57,51,57,55
3837,6,8,9,60,57,46,60
3838,6,8,10,50,48,52,57
3839,6,8,11,54,46,50,45
3840,6,8,12,46,48,48,47
3841,6,9,1,50,47,40,47
3842,6,9,2,48,41,41,42
3843,6,9,3,53,46,53,46
3844,6,9,4,46,48,45,51
3845,6,9,5,53,57,59,50
3846,6,9,6,49,59,48,52
3847,6,9,7,56,57,54,55
3848,6,9,8,50,60,57,57
3849,6,9,9,58,59,60,62
3850,6,9,10,62,55,61,64
3851,6,9,11,61,62,60,64
3852,6,9,12,63,63,65,62
3853,6,10,1,52,50,55,52
3854,6,10,2,52,52,50,51
3855,6,10,3,50,64,65,51
3856,6,10,4,66,69,68,64
3857,6,10,5,65,63,68,66
3858,6,10,6,68,66,66,65
3859,6,10,7,61,66,70,62
3860,6,10,8,58,66,60,59
3861,6,10,9,55,58,59,61
3862,6,10,10,66,67,64,57
3863,6,10,11,67,66,69,62
3864,6,10,12,59,64,66,67
3865,6,11,1,62,60,70,70
3866,6,11,2,69,63,64,66
3867,6,11,3,72,71,65,66
3868,6,11,4,64,73,73,61
3869,6,11,5,73,69,69,69
3870,6,11,6,65,60,73,70
3871,6,11,7,74,79,73,79
3872,6,11,8,79,78,78,74
3873,6,11,9,87,87,78,86
3874,6,11,10,87,88,86,80
3875,6,11,11,75,77,85,83
3876,6,11,12,86,89,89,79
3877,6,12,1,84,75,81,88
3878,6,12,2,76,81,80,76
3879,6,12,3,78,78,90,83
3880,6,12,4,89,78,80,75
3881,6,12,5,81,87,90,76
3882,6,12,6,88,83,89,80
3883,6,12,7,84,89,82,80
3884,6,12,8,86,87,84,90
3885,6,12,9,81,86,88,85
3886,6,12,10,82,84,86,89
3887,6,12,11,84,84,86,90
3888,6,12,12,86,80,87,81
3889,7,1,1,12,9,6,13
3890,7,1,2,14,18,10,17
3891,7,1,3,18,19,14,11
3892,7,1,4,17,20,16,17
3893,7,1,5,27,24,24,28
3894,7,1,6,29,28,20,26
3895,7,1,7,27,29,34,29
3896,7,1,8,26,32,31,35
3897,7,1,9,39,38,38,31
3898,7,1,10,41,41,43,44
3899,7,1,11,39,37,37,45
3900,7,1,12,39,38,46,39
3901,7,2,1,40,40,45,35
3902,7,2,2,47,41,40,45
3903,7,2,3,54,51,54,54
3904,7,2,4,51,52,47,49
3905,7,2,5,40,45,54,38
3906,7,2,6,54,42,52,53
3907,7,2,7,54,53,47,40
3908,7,2,8,44,35,36,41
3909,7,2,9,45,38,35,48
3910,7,2,10,40,43,36,49
3911,7,2,11,52,44,47,46
3912,7,2,12,46,43,43,44
3913,7,3,1,42,48,46,36
3914,7,3,2,55,34,32,36
3915,7,3,3,38,33,36,43
3916,7,3,4,32,31,41,30
3917,7,3,5,39,34,30,39
3918,7,3,6,37,55,35,44
3919,7,3,7,39,43,38,42
3920,7,3,8,46,52,37,41
3921,7,3,9,43,54,38,36
3922,7,3,10,44,48,53,38
3923,7,3,11,52,52,51,44
3924,7,3,12,36,48,51,55
3925,7,4,1,35,44,43,42
3926,7,4,2,41,36,43,43
3927,7,4,3,39,44,39,43
3928,7,4,4,42,41,35,37
3929,7,4,5,42,43,43,39
3930,7,4,6,45,39,42,37
3931,7,4,7,41,38,45,45
3932,7,4,8,42,36,42,43
3933,7,4,9,38,39,42,41
3934,7,4,10,36,37,35,39
3935,7,4,11,43,38,36,37
3936,7,4,12,37,38,38,41
3937,7,5,1,30,38,28,38
3938,7,5,2,38,31,30,40
3939,7,5,3,32,36,39,32
3940,7,5,4,29,27,27,36
3941,7,5,5,27,31,32,39
3942,7,5,6,30,36,36,27
3943,7,5,7,33,38,40,31
3944,7,5,8,32,31,32,29
3945,7,5,9,34,34,34,30
3946,7,5,10,36,30,29,33
3947,7,5,11,28,35,31,32
3948,7,5,12,28,38,37,30
3949,7,6,1,25,30,30,27
3950,7,6,2,30,26,25,25
3951,7,6,3,30,29,26,29
3952,7,6,4,29,30,35,24
3953,7,6,5,26,24,21,33
3954,7,6,6,38,32,36,26
3955,7,6,7,20,26,34,37
3956,7,6,8,31,23,22,22
3957,7,6,9,30,32,22,28
3958,7,6,10,33,25,32,23
3959,7,6,11,26,22,32,28
3960,7,6,12,28,35,27,27
3961,7,7,1,21,28,25,25
3962,7,7,2,27,22,20,29
3963,7,7,3,33,26,35,23
3964,7,7,4,35,35,20,30
3965,7,7,5,22,23,34,27
3966,7,7,6,40,37,35,35
3967,7,7,7,33,39,33,33
3968,7,7,8,37,46,42,43
3969,7,7,9,33,40,47,44
3970,7,7,10,46,48,48,43
3971,7,7,11,41,41,50,43
3972,7,7,12,40,47,40,40
3973,7,8,1,41,40,48,41
3974,7,8,2,39,49,42,40
3975,7,8,3,44,42,49,36
3976,7,8,4,46,42,50,43
3977,7,8,5,41,35,41,36
3978,7,8,6,41,38,42,42
3979,7,8,7,38,41,38,36
3980,7,8,8,59,51,47,54
3981,7,8,9,58,51,52,59
3982,7,8,10,48,51,50,55
3983,7,8,11,46,57,57,47
3984,7,8,12,59,45,54,60
3985,7,9,1,44,48,46,47
3986,7,9,2,50,54,51,41
3987,7,9,3,52,49,50,55
3988,7,9,4,46,55,54,51
3989,7,9,5,55,56,51,52
3990,7,9,6,57,48,53,60
3991,7,9,7,56,55,50,53
3992,7,9,8,50,59,50,57
3993,7,9,9,56,59,59,65
3994,7,9,10,57,62,58,56
3995,7,9,11,61,64,65,63
3996,7,9,12,63,60,61,63
3997,7,10,1,57,55,57,59
3998,7,10,2,50,57,50,56
3999,7,10,3,56,56,58,59
4000,7,10,4,68,65,73,65
4001,7,10,5,65,55,58,65
4002,7,10,6,62,56,62,55
4003,7,10,7,60,59,59,62
4004,7,10,8,61,56,63,67
4005,7,10,9,63,59,63,67
4006,7,10,10,62,55,59,68
4007,7,10,11,56,56,70,58
4008,7,10,12,56,64,60,63
4009,7,11,1,69,62,63,60
4010,7,11,2,66,69,60,62
4011,7,11,3,67,74,74,69
4012,7,11,4,69,60,67,75
4013,7,11,5,65,60,75,71
4014,7,11,6,69,69,73,66
4015,7,11,7,77,78,70,80
4016,7,11,8,71,71,70,70
4017,7,11,9,86,85,79,85
4018,7,11,10,88,85,79,87
4019,7,11,11,86,87,86,75
4020,7,11,12,78,82,77,85
4021,7,12,1,78,90,75,89
4022,7,12,2,89,89,80,75
4023,7,12,3,76,85,87,80
4024,7,12,4,88,83,76,90
4025,7,12,5,89,89,88,82
4026,7,12,6,85,82,82,87
4027,7,12,7,84,88,80,82
4028,7,12,8,86,90,89,82
4029,7,12,9,80,87,81,88
4030,7,12,10,87,90,86,86
4031,7,12,11,86,87,83,86
4032,7,12,12,89,87,89,83
